Tokenizing 100000 trace examples using futures (1563 batches)...
Tokenizing: 100%|██████████| 1563/1563 [01:54<00:00, 13.63it/s]
Tokenizing 10000 trace examples using futures (157 batches)...
Tokenizing: 100%|██████████| 157/157 [00:22<00:00,  7.13it/s]
Tokenizing 10000 trace examples using futures (157 batches)...
Tokenizing: 100%|██████████| 157/157 [00:09<00:00, 16.97it/s]
Tokenizing 5000 trace examples using futures (79 batches)...
Tokenizing: 100%|██████████| 79/79 [00:32<00:00,  2.41it/s]

--- Debug info for split: train ---

Example 1:
Input IDs:        [42, 81, 76, 55, 77, 51, 4, 1, 55, 72, 22, 44, 1, 55, 26, 31, 75, 1, 55, 85, 52, 28, 1, 55, 44, 12, 77, 1, 55, 22, 44, 90, 1, 55, 101, 60, 72, 1, 55, 28, 4, 27, 1, 55, 85, 28, 22, 1, 55, 52, 27, 73, 1, 55, 37, 22, 73, 1, 55, 28, 75, 85, 1, 55, 51, 101, 12, 1, 55, 4, 27, 85, 1, 55, 52, 58, 28, 1, 55, 26, 39, 90, 1, 55, 60, 22, 101, 1, 55, 90, 39, 22, 1, 55, 28, 72, 31, 1, 55, 77, 27, 22, 1, 55, 28, 72, 58, 1, 55, 90, 75, 85, 1, 55, 72, 101, 27, 1, 55, 77, 85, 101, 1, 55, 60, 22, 72, 1, 55, 75, 58, 28, 1, 55, 72, 85, 77, 1, 55, 72, 52, 22, 1, 55, 72, 85, 26, 1, 55, 22, 101, 12, 1, 55, 85, 75, 58, 1, 55, 51, 52, 44, 1, 55, 39, 90, 60, 1, 55, 90, 22, 31, 1, 55, 85, 90, 26, 1, 55, 52, 85, 30, 1, 55, 31, 75, 37, 1, 55, 73, 39, 60, 1, 55, 58, 44, 31, 1, 55, 60, 28, 39, 1, 55, 90, 52, 73, 1, 55, 72, 31, 12, 1, 55, 75, 73, 101, 1, 55, 26, 30, 85, 1, 55, 4, 90, 31, 1, 55, 72, 12, 77, 1, 55, 44, 58, 28, 1, 55, 101, 52, 22, 1, 55, 27, 22, 85, 1, 25, 3, 29, 76, 25, 40, 67, 64, 64, 64, 64, 64, 64, 64, 64, 64, 64, 64, 82, 18, 101, 17, 2, 18, 64, 17, 89, 18, 41, 17, 9, 3, 29, 76, 101, 25, 40, 64, 67, 64, 64, 64, 64, 64, 64, 64, 64, 64, 64, 64, 82, 18, 22, 17, 2, 18, 64, 64, 17, 89, 18, 41, 17, 9, 3, 29, 76, 101, 22, 25, 40, 64, 64, 67, 64, 64, 64, 64, 64, 64, 64, 64, 64, 64, 64, 82, 18, 73, 17, 2, 18, 64, 64, 64, 17, 89, 18, 41, 17, 9, 3, 29, 76, 101, 22, 73, 44, 25, 40, 64, 64, 64, 64, 67, 64, 64, 64, 64, 64, 64, 64, 64, 64, 64, 64, 82, 18, 51, 17, 2, 18, 64, 64, 64, 64, 17, 89, 18, 41, 17, 9, 3, 32, 76, 64, 64, 64, 64, 25, 21, 62, 59, 100, 56, 3, 29, 76, 101, 22, 73, 44, 85, 25, 40, 64, 64, 64, 64, 64, 67, 64, 64, 64, 64, 64, 64, 64, 64, 64, 64, 64, 82, 18, 28, 17, 2, 18, 64, 64, 64, 64, 17, 89, 18, 41, 17, 9, 3, 29, 76, 101, 22, 73, 44, 85, 28, 4, 75, 90, 12, 25, 40, 64, 64, 64, 64, 64, 64, 64, 64, 64, 64, 67, 64, 64, 64, 64, 64, 64, 64, 64, 64, 64, 64, 82, 18, 60, 17, 2, 18, 64, 64, 64, 64, 64, 17, 89, 18, 41, 17, 9, 3, 29, 76, 101, 22, 73, 44, 85, 28, 4, 75, 90, 12, 60, 25, 40, 64, 64, 64, 64, 64, 64, 64, 64, 64, 64, 64, 67, 64, 64, 64, 64, 64, 64, 64, 64, 64, 64, 64, 95, 23]
Attention Mask:   [1, 1, 1, 1, 1, 1, 1, 1, 1, 1, 1, 1, 1, 1, 1, 1, 1, 1, 1, 1, 1, 1, 1, 1, 1, 1, 1, 1, 1, 1, 1, 1, 1, 1, 1, 1, 1, 1, 1, 1, 1, 1, 1, 1, 1, 1, 1, 1, 1, 1, 1, 1, 1, 1, 1, 1, 1, 1, 1, 1, 1, 1, 1, 1, 1, 1, 1, 1, 1, 1, 1, 1, 1, 1, 1, 1, 1, 1, 1, 1, 1, 1, 1, 1, 1, 1, 1, 1, 1, 1, 1, 1, 1, 1, 1, 1, 1, 1, 1, 1, 1, 1, 1, 1, 1, 1, 1, 1, 1, 1, 1, 1, 1, 1, 1, 1, 1, 1, 1, 1, 1, 1, 1, 1, 1, 1, 1, 1, 1, 1, 1, 1, 1, 1, 1, 1, 1, 1, 1, 1, 1, 1, 1, 1, 1, 1, 1, 1, 1, 1, 1, 1, 1, 1, 1, 1, 1, 1, 1, 1, 1, 1, 1, 1, 1, 1, 1, 1, 1, 1, 1, 1, 1, 1, 1, 1, 1, 1, 1, 1, 1, 1, 1, 1, 1, 1, 1, 1, 1, 1, 1, 1, 1, 1, 1, 1, 1, 1, 1, 1, 1, 1, 1, 1, 1, 1, 1, 1, 1, 1, 1, 1, 1, 1, 1, 1, 1, 1, 1, 1, 1, 1, 1, 1, 1, 1, 1, 1, 1, 1, 1, 1, 1, 1, 1, 1, 1, 1, 1, 1, 1, 1, 1, 1, 1, 1, 1, 1, 1, 1, 1, 1, 1, 1, 1, 1, 1, 1, 1, 1, 1, 1, 1, 1, 1, 1, 1, 1, 1, 1, 1, 1, 1, 1, 1, 1, 1, 1, 1, 1, 1, 1, 1, 1, 1, 1, 1, 1, 1, 1, 1, 1, 1, 1, 1, 1, 1, 1, 1, 1, 1, 1, 1, 1, 1, 1, 1, 1, 1, 1, 1, 1, 1, 1, 1, 1, 1, 1, 1, 1, 1, 1, 1, 1, 1, 1, 1, 1, 1, 1, 1, 1, 1, 1, 1, 1, 1, 1, 1, 1, 1, 1, 1, 1, 1, 1, 1, 1, 1, 1, 1, 1, 1, 1, 1, 1, 1, 1, 1, 1, 1, 1, 1, 1, 1, 1, 1, 1, 1, 1, 1, 1, 1, 1, 1, 1, 1, 1, 1, 1, 1, 1, 1, 1, 1, 1, 1, 1, 1, 1, 1, 1, 1, 1, 1, 1, 1, 1, 1, 1, 1, 1, 1, 1, 1, 1, 1, 1, 1, 1, 1, 1, 1, 1, 1, 1, 1, 1, 1, 1, 1, 1, 1, 1, 1, 1, 1, 1, 1, 1, 1, 1, 1, 1, 1, 1, 1, 1, 1, 1, 1, 1, 1, 1, 1, 1, 1, 1, 1, 1, 1, 1, 1, 1, 1, 1, 1, 1, 1, 1, 1, 1, 1, 1, 1, 1, 1, 1, 1, 1, 1, 1, 1, 1, 1, 1, 1, 1, 1, 1, 1, 1, 1, 1, 1, 1, 1, 1, 1, 1, 1, 1, 1, 1, 1, 1, 1, 1, 1, 1, 1, 1, 1, 1, 1, 1, 1, 1, 1, 1, 1, 1, 1, 1, 1, 1, 1, 1, 1, 1, 1, 1, 1, 1, 1, 1, 1, 1, 1, 1, 1, 1, 1, 1, 1, 1, 1, 1, 1, 1]
Labels:           [81, -100, -100, -100, -100, -100, -100, -100, -100, -100, -100, -100, -100, -100, -100, -100, -100, -100, -100, -100, -100, -100, -100, -100, -100, -100, -100, -100, -100, -100, -100, -100, -100, -100, -100, -100, -100, -100, -100, -100, -100, -100, -100, -100, -100, -100, -100, -100, -100, -100, -100, -100, -100, -100, -100, -100, -100, -100, -100, -100, -100, -100, -100, -100, -100, -100, -100, -100, -100, -100, -100, -100, -100, -100, -100, -100, -100, -100, -100, -100, -100, -100, -100, -100, -100, -100, -100, -100, -100, -100, -100, -100, -100, -100, -100, -100, -100, -100, -100, -100, -100, -100, -100, -100, -100, -100, -100, -100, -100, -100, -100, -100, -100, -100, -100, -100, -100, -100, -100, -100, -100, -100, -100, -100, -100, -100, -100, -100, -100, -100, -100, -100, -100, -100, -100, -100, -100, -100, -100, -100, -100, -100, -100, -100, -100, -100, -100, -100, -100, -100, -100, -100, -100, -100, -100, -100, -100, -100, -100, -100, -100, -100, -100, -100, -100, -100, -100, -100, -100, -100, -100, -100, -100, -100, -100, -100, -100, -100, -100, -100, -100, -100, -100, -100, -100, -100, -100, -100, -100, -100, -100, -100, -100, -100, -100, -100, -100, -100, -100, -100, -100, -100, -100, -100, -100, -100, -100, -100, -100, -100, -100, -100, -100, -100, -100, -100, -100, -100, -100, -100, -100, -100, -100, -100, -100, -100, -100, -100, -100, -100, -100, -100, -100, -100, -100, -100, -100, -100, -100, -100, -100, -100, -100, -100, -100, -100, -100, -100, 3, 29, -100, -100, 40, 67, 64, 64, 64, 64, 64, 64, 64, 64, 64, 64, 64, 82, 18, 101, 17, 2, 18, 64, 17, 89, 18, 41, 17, 9, 3, 29, -100, -100, -100, 40, 64, 67, 64, 64, 64, 64, 64, 64, 64, 64, 64, 64, 64, 82, 18, 22, 17, 2, 18, 64, 64, 17, 89, 18, 41, 17, 9, 3, 29, -100, -100, -100, -100, 40, 64, 64, 67, 64, 64, 64, 64, 64, 64, 64, 64, 64, 64, 64, 82, 18, 73, 17, 2, 18, 64, 64, 64, 17, 89, 18, 41, 17, 9, 3, 29, -100, -100, -100, -100, -100, -100, 40, 64, 64, 64, 64, 67, 64, 64, 64, 64, 64, 64, 64, 64, 64, 64, 64, 82, 18, 51, 17, 2, 18, 64, 64, 64, 64, 17, 89, 18, 41, 17, 9, 3, 32, -100, -100, -100, -100, -100, -100, 21, 62, 59, 100, 56, 3, 29, -100, -100, -100, -100, -100, -100, -100, 40, 64, 64, 64, 64, 64, 67, 64, 64, 64, 64, 64, 64, 64, 64, 64, 64, 64, 82, 18, 28, 17, 2, 18, 64, 64, 64, 64, 17, 89, 18, 41, 17, 9, 3, 29, -100, -100, -100, -100, -100, -100, -100, -100, -100, -100, -100, -100, 40, 64, 64, 64, 64, 64, 64, 64, 64, 64, 64, 67, 64, 64, 64, 64, 64, 64, 64, 64, 64, 64, 64, 82, 18, 60, 17, 2, 18, 64, 64, 64, 64, 64, 17, 89, 18, 41, 17, 9, 3, 29, -100, -100, -100, -100, -100, -100, -100, -100, -100, -100, -100, -100, -100, 40, 64, 64, 64, 64, 64, 64, 64, 64, 64, 64, 64, 67, 64, 64, 64, 64, 64, 64, 64, 64, 64, 64, 64, 95, 23, -100]
Decoded Input:    SOLVE_BEGIN READ_CLAUSES READ_BEGIN [ x7 x5 -x23 ] [ x22 x3 x11 ] [ x23 -x1 -x22 ] [ -x5 x15 -x7 ] [ x11 -x9 x7 ] [ x3 x11 x24 ] [ x1 -x15 x22 ] [ -x7 -x23 x9 ] [ -x5 -x7 x3 ] [ x15 x9 x4 ] [ -x24 x3 x4 ] [ -x7 -x22 -x5 ] [ x5 x1 -x9 ] [ -x23 x9 -x5 ] [ x15 -x4 -x7 ] [ x23 -x11 x24 ] [ -x15 x3 x1 ] [ x24 -x11 x3 ] [ -x7 x22 -x1 ] [ x7 x9 x3 ] [ -x7 x22 -x4 ] [ x24 -x22 -x5 ] [ x22 x1 x9 ] [ x7 -x5 x1 ] [ -x15 x3 x22 ] [ -x22 -x4 -x7 ] [ x22 -x5 x7 ] [ x22 x15 x3 ] [ x22 -x5 x23 ] [ x3 x1 -x9 ] [ -x5 -x22 -x4 ] [ x5 x15 x11 ] [ -x11 x24 -x15 ] [ x24 x3 -x1 ] [ -x5 x24 x23 ] [ x15 -x5 -x3 ] [ -x1 -x22 -x24 ] [ x4 -x11 -x15 ] [ -x4 x11 -x1 ] [ -x15 -x7 -x11 ] [ x24 x15 x4 ] [ x22 -x1 -x9 ] [ -x22 x4 x1 ] [ x23 -x3 -x5 ] [ -x23 x24 -x1 ] [ x22 -x9 x7 ] [ x11 -x4 -x7 ] [ x1 x15 x3 ] [ x9 x3 -x5 ] READ_END CALL_UNIT_PROPAGATION READ_ASSIGNMENTS READ_BEGIN READ_END N_VARS_ASSIGNED N_VARS_TOTAL I I I I I I I I I I I WRITE_ASSIGNMENTS WRITE_BEGIN x1 WRITE_END WRITE_DECISION_LEVELS WRITE_BEGIN I WRITE_END WRITE_REASON_CLAUSES WRITE_BEGIN None WRITE_END LEVEL_UP CALL_UNIT_PROPAGATION READ_ASSIGNMENTS READ_BEGIN x1 READ_END N_VARS_ASSIGNED I N_VARS_TOTAL I I I I I I I I I I I WRITE_ASSIGNMENTS WRITE_BEGIN x3 WRITE_END WRITE_DECISION_LEVELS WRITE_BEGIN I I WRITE_END WRITE_REASON_CLAUSES WRITE_BEGIN None WRITE_END LEVEL_UP CALL_UNIT_PROPAGATION READ_ASSIGNMENTS READ_BEGIN x1 x3 READ_END N_VARS_ASSIGNED I I N_VARS_TOTAL I I I I I I I I I I I WRITE_ASSIGNMENTS WRITE_BEGIN x4 WRITE_END WRITE_DECISION_LEVELS WRITE_BEGIN I I I WRITE_END WRITE_REASON_CLAUSES WRITE_BEGIN None WRITE_END LEVEL_UP CALL_UNIT_PROPAGATION READ_ASSIGNMENTS READ_BEGIN x1 x3 x4 x11 READ_END N_VARS_ASSIGNED I I I I N_VARS_TOTAL I I I I I I I I I I I WRITE_ASSIGNMENTS WRITE_BEGIN x5 WRITE_END WRITE_DECISION_LEVELS WRITE_BEGIN I I I I WRITE_END WRITE_REASON_CLAUSES WRITE_BEGIN None WRITE_END LEVEL_UP CALL_UNIT_PROPAGATION READ_LEVEL READ_BEGIN I I I I READ_END IS UNSAT 0 CALL_ANALYZE_CONFLICT BACKTRACK CALL_UNIT_PROPAGATION READ_ASSIGNMENTS READ_BEGIN x1 x3 x4 x11 -x5 READ_END N_VARS_ASSIGNED I I I I I N_VARS_TOTAL I I I I I I I I I I I WRITE_ASSIGNMENTS WRITE_BEGIN -x7 WRITE_END WRITE_DECISION_LEVELS WRITE_BEGIN I I I I WRITE_END WRITE_REASON_CLAUSES WRITE_BEGIN None WRITE_END LEVEL_UP CALL_UNIT_PROPAGATION READ_ASSIGNMENTS READ_BEGIN x1 x3 x4 x11 -x5 -x7 -x23 -x22 x24 -x9 READ_END N_VARS_ASSIGNED I I I I I I I I I I N_VARS_TOTAL I I I I I I I I I I I WRITE_ASSIGNMENTS WRITE_BEGIN -x15 WRITE_END WRITE_DECISION_LEVELS WRITE_BEGIN I I I I I WRITE_END WRITE_REASON_CLAUSES WRITE_BEGIN None WRITE_END LEVEL_UP CALL_UNIT_PROPAGATION READ_ASSIGNMENTS READ_BEGIN x1 x3 x4 x11 -x5 -x7 -x23 -x22 x24 -x9 -x15 READ_END N_VARS_ASSIGNED I I I I I I I I I I I N_VARS_TOTAL I I I I I I I I I I I SAT SOLVE_END
Decoded Labels:   READ_CLAUSES CALL_UNIT_PROPAGATION READ_ASSIGNMENTS N_VARS_ASSIGNED N_VARS_TOTAL I I I I I I I I I I I WRITE_ASSIGNMENTS WRITE_BEGIN x1 WRITE_END WRITE_DECISION_LEVELS WRITE_BEGIN I WRITE_END WRITE_REASON_CLAUSES WRITE_BEGIN None WRITE_END LEVEL_UP CALL_UNIT_PROPAGATION READ_ASSIGNMENTS N_VARS_ASSIGNED I N_VARS_TOTAL I I I I I I I I I I I WRITE_ASSIGNMENTS WRITE_BEGIN x3 WRITE_END WRITE_DECISION_LEVELS WRITE_BEGIN I I WRITE_END WRITE_REASON_CLAUSES WRITE_BEGIN None WRITE_END LEVEL_UP CALL_UNIT_PROPAGATION READ_ASSIGNMENTS N_VARS_ASSIGNED I I N_VARS_TOTAL I I I I I I I I I I I WRITE_ASSIGNMENTS WRITE_BEGIN x4 WRITE_END WRITE_DECISION_LEVELS WRITE_BEGIN I I I WRITE_END WRITE_REASON_CLAUSES WRITE_BEGIN None WRITE_END LEVEL_UP CALL_UNIT_PROPAGATION READ_ASSIGNMENTS N_VARS_ASSIGNED I I I I N_VARS_TOTAL I I I I I I I I I I I WRITE_ASSIGNMENTS WRITE_BEGIN x5 WRITE_END WRITE_DECISION_LEVELS WRITE_BEGIN I I I I WRITE_END WRITE_REASON_CLAUSES WRITE_BEGIN None WRITE_END LEVEL_UP CALL_UNIT_PROPAGATION READ_LEVEL IS UNSAT 0 CALL_ANALYZE_CONFLICT BACKTRACK CALL_UNIT_PROPAGATION READ_ASSIGNMENTS N_VARS_ASSIGNED I I I I I N_VARS_TOTAL I I I I I I I I I I I WRITE_ASSIGNMENTS WRITE_BEGIN -x7 WRITE_END WRITE_DECISION_LEVELS WRITE_BEGIN I I I I WRITE_END WRITE_REASON_CLAUSES WRITE_BEGIN None WRITE_END LEVEL_UP CALL_UNIT_PROPAGATION READ_ASSIGNMENTS N_VARS_ASSIGNED I I I I I I I I I I N_VARS_TOTAL I I I I I I I I I I I WRITE_ASSIGNMENTS WRITE_BEGIN -x15 WRITE_END WRITE_DECISION_LEVELS WRITE_BEGIN I I I I I WRITE_END WRITE_REASON_CLAUSES WRITE_BEGIN None WRITE_END LEVEL_UP CALL_UNIT_PROPAGATION READ_ASSIGNMENTS N_VARS_ASSIGNED I I I I I I I I I I I N_VARS_TOTAL I I I I I I I I I I I SAT SOLVE_END

Example 2:
Input IDs:        [0, 81, 76, 55, 77, 51, 4, 1, 55, 72, 22, 44, 1, 55, 26, 31, 75, 1, 55, 85, 52, 28, 1, 55, 44, 12, 77, 1, 55, 22, 44, 90, 1, 55, 101, 60, 72, 1, 55, 28, 4, 27, 1, 55, 85, 28, 22, 1, 55, 52, 27, 73, 1, 55, 37, 22, 73, 1, 55, 28, 75, 85, 1, 55, 51, 101, 12, 1, 55, 4, 27, 85, 1, 55, 52, 58, 28, 1, 55, 26, 39, 90, 1, 55, 60, 22, 101, 1, 55, 90, 39, 22, 1, 55, 28, 72, 31, 1, 55, 77, 27, 22, 1, 55, 28, 72, 58, 1, 55, 90, 75, 85, 1, 55, 72, 101, 27, 1, 55, 77, 85, 101, 1, 55, 60, 22, 72, 1, 55, 75, 58, 28, 1, 55, 72, 85, 77, 1, 55, 72, 52, 22, 1, 55, 72, 85, 26, 1, 55, 22, 101, 12, 1, 55, 85, 75, 58, 1, 55, 51, 52, 44, 1, 55, 39, 90, 60, 1, 55, 90, 22, 31, 1, 55, 85, 90, 26, 1, 55, 52, 85, 30, 1, 55, 31, 75, 37, 1, 55, 73, 39, 60, 1, 55, 58, 44, 31, 1, 55, 60, 28, 39, 1, 55, 90, 52, 73, 1, 55, 72, 31, 12, 1, 55, 75, 73, 101, 1, 55, 26, 30, 85, 1, 55, 4, 90, 31, 1, 55, 72, 12, 77, 1, 55, 44, 58, 28, 1, 55, 101, 52, 22, 1, 55, 27, 22, 85, 1, 25, 99, 76, 25, 29, 76, 25, 83, 59, 34]
Attention Mask:   [1, 1, 1, 1, 1, 1, 1, 1, 1, 1, 1, 1, 1, 1, 1, 1, 1, 1, 1, 1, 1, 1, 1, 1, 1, 1, 1, 1, 1, 1, 1, 1, 1, 1, 1, 1, 1, 1, 1, 1, 1, 1, 1, 1, 1, 1, 1, 1, 1, 1, 1, 1, 1, 1, 1, 1, 1, 1, 1, 1, 1, 1, 1, 1, 1, 1, 1, 1, 1, 1, 1, 1, 1, 1, 1, 1, 1, 1, 1, 1, 1, 1, 1, 1, 1, 1, 1, 1, 1, 1, 1, 1, 1, 1, 1, 1, 1, 1, 1, 1, 1, 1, 1, 1, 1, 1, 1, 1, 1, 1, 1, 1, 1, 1, 1, 1, 1, 1, 1, 1, 1, 1, 1, 1, 1, 1, 1, 1, 1, 1, 1, 1, 1, 1, 1, 1, 1, 1, 1, 1, 1, 1, 1, 1, 1, 1, 1, 1, 1, 1, 1, 1, 1, 1, 1, 1, 1, 1, 1, 1, 1, 1, 1, 1, 1, 1, 1, 1, 1, 1, 1, 1, 1, 1, 1, 1, 1, 1, 1, 1, 1, 1, 1, 1, 1, 1, 1, 1, 1, 1, 1, 1, 1, 1, 1, 1, 1, 1, 1, 1, 1, 1, 1, 1, 1, 1, 1, 1, 1, 1, 1, 1, 1, 1, 1, 1, 1, 1, 1, 1, 1, 1, 1, 1, 1, 1, 1, 1, 1, 1, 1, 1, 1, 1, 1, 1, 1, 1, 1, 1, 1, 1, 1, 1, 1, 1, 1, 1, 1, 1, 1, 1, 1, 1, 1, 1, 1, 1]
Labels:           [81, -100, -100, -100, -100, -100, -100, -100, -100, -100, -100, -100, -100, -100, -100, -100, -100, -100, -100, -100, -100, -100, -100, -100, -100, -100, -100, -100, -100, -100, -100, -100, -100, -100, -100, -100, -100, -100, -100, -100, -100, -100, -100, -100, -100, -100, -100, -100, -100, -100, -100, -100, -100, -100, -100, -100, -100, -100, -100, -100, -100, -100, -100, -100, -100, -100, -100, -100, -100, -100, -100, -100, -100, -100, -100, -100, -100, -100, -100, -100, -100, -100, -100, -100, -100, -100, -100, -100, -100, -100, -100, -100, -100, -100, -100, -100, -100, -100, -100, -100, -100, -100, -100, -100, -100, -100, -100, -100, -100, -100, -100, -100, -100, -100, -100, -100, -100, -100, -100, -100, -100, -100, -100, -100, -100, -100, -100, -100, -100, -100, -100, -100, -100, -100, -100, -100, -100, -100, -100, -100, -100, -100, -100, -100, -100, -100, -100, -100, -100, -100, -100, -100, -100, -100, -100, -100, -100, -100, -100, -100, -100, -100, -100, -100, -100, -100, -100, -100, -100, -100, -100, -100, -100, -100, -100, -100, -100, -100, -100, -100, -100, -100, -100, -100, -100, -100, -100, -100, -100, -100, -100, -100, -100, -100, -100, -100, -100, -100, -100, -100, -100, -100, -100, -100, -100, -100, -100, -100, -100, -100, -100, -100, -100, -100, -100, -100, -100, -100, -100, -100, -100, -100, -100, -100, -100, -100, -100, -100, -100, -100, -100, -100, -100, -100, -100, -100, -100, -100, -100, -100, -100, -100, -100, -100, -100, -100, -100, -100, 99, -100, -100, 29, -100, -100, 83, 59, 34, -100]
Decoded Input:    UNIT_PROPAGATION_BEGIN READ_CLAUSES READ_BEGIN [ x7 x5 -x23 ] [ x22 x3 x11 ] [ x23 -x1 -x22 ] [ -x5 x15 -x7 ] [ x11 -x9 x7 ] [ x3 x11 x24 ] [ x1 -x15 x22 ] [ -x7 -x23 x9 ] [ -x5 -x7 x3 ] [ x15 x9 x4 ] [ -x24 x3 x4 ] [ -x7 -x22 -x5 ] [ x5 x1 -x9 ] [ -x23 x9 -x5 ] [ x15 -x4 -x7 ] [ x23 -x11 x24 ] [ -x15 x3 x1 ] [ x24 -x11 x3 ] [ -x7 x22 -x1 ] [ x7 x9 x3 ] [ -x7 x22 -x4 ] [ x24 -x22 -x5 ] [ x22 x1 x9 ] [ x7 -x5 x1 ] [ -x15 x3 x22 ] [ -x22 -x4 -x7 ] [ x22 -x5 x7 ] [ x22 x15 x3 ] [ x22 -x5 x23 ] [ x3 x1 -x9 ] [ -x5 -x22 -x4 ] [ x5 x15 x11 ] [ -x11 x24 -x15 ] [ x24 x3 -x1 ] [ -x5 x24 x23 ] [ x15 -x5 -x3 ] [ -x1 -x22 -x24 ] [ x4 -x11 -x15 ] [ -x4 x11 -x1 ] [ -x15 -x7 -x11 ] [ x24 x15 x4 ] [ x22 -x1 -x9 ] [ -x22 x4 x1 ] [ x23 -x3 -x5 ] [ -x23 x24 -x1 ] [ x22 -x9 x7 ] [ x11 -x4 -x7 ] [ x1 x15 x3 ] [ x9 x3 -x5 ] READ_END READ_LEARNED_CLAUSES READ_BEGIN READ_END READ_ASSIGNMENTS READ_BEGIN READ_END PROPAGATED 0 UNIT_PROPAGATION_END
Decoded Labels:   READ_CLAUSES READ_LEARNED_CLAUSES READ_ASSIGNMENTS PROPAGATED 0 UNIT_PROPAGATION_END

Example 3:
Input IDs:        [0, 81, 76, 55, 77, 51, 4, 1, 55, 72, 22, 44, 1, 55, 26, 31, 75, 1, 55, 85, 52, 28, 1, 55, 44, 12, 77, 1, 55, 22, 44, 90, 1, 55, 101, 60, 72, 1, 55, 28, 4, 27, 1, 55, 85, 28, 22, 1, 55, 52, 27, 73, 1, 55, 37, 22, 73, 1, 55, 28, 75, 85, 1, 55, 51, 101, 12, 1, 55, 4, 27, 85, 1, 55, 52, 58, 28, 1, 55, 26, 39, 90, 1, 55, 60, 22, 101, 1, 55, 90, 39, 22, 1, 55, 28, 72, 31, 1, 55, 77, 27, 22, 1, 55, 28, 72, 58, 1, 55, 90, 75, 85, 1, 55, 72, 101, 27, 1, 55, 77, 85, 101, 1, 55, 60, 22, 72, 1, 55, 75, 58, 28, 1, 55, 72, 85, 77, 1, 55, 72, 52, 22, 1, 55, 72, 85, 26, 1, 55, 22, 101, 12, 1, 55, 85, 75, 58, 1, 55, 51, 52, 44, 1, 55, 39, 90, 60, 1, 55, 90, 22, 31, 1, 55, 85, 90, 26, 1, 55, 52, 85, 30, 1, 55, 31, 75, 37, 1, 55, 73, 39, 60, 1, 55, 58, 44, 31, 1, 55, 60, 28, 39, 1, 55, 90, 52, 73, 1, 55, 72, 31, 12, 1, 55, 75, 73, 101, 1, 55, 26, 30, 85, 1, 55, 4, 90, 31, 1, 55, 72, 12, 77, 1, 55, 44, 58, 28, 1, 55, 101, 52, 22, 1, 55, 27, 22, 85, 1, 25, 99, 76, 25, 29, 76, 101, 25, 83, 59, 34]
Attention Mask:   [1, 1, 1, 1, 1, 1, 1, 1, 1, 1, 1, 1, 1, 1, 1, 1, 1, 1, 1, 1, 1, 1, 1, 1, 1, 1, 1, 1, 1, 1, 1, 1, 1, 1, 1, 1, 1, 1, 1, 1, 1, 1, 1, 1, 1, 1, 1, 1, 1, 1, 1, 1, 1, 1, 1, 1, 1, 1, 1, 1, 1, 1, 1, 1, 1, 1, 1, 1, 1, 1, 1, 1, 1, 1, 1, 1, 1, 1, 1, 1, 1, 1, 1, 1, 1, 1, 1, 1, 1, 1, 1, 1, 1, 1, 1, 1, 1, 1, 1, 1, 1, 1, 1, 1, 1, 1, 1, 1, 1, 1, 1, 1, 1, 1, 1, 1, 1, 1, 1, 1, 1, 1, 1, 1, 1, 1, 1, 1, 1, 1, 1, 1, 1, 1, 1, 1, 1, 1, 1, 1, 1, 1, 1, 1, 1, 1, 1, 1, 1, 1, 1, 1, 1, 1, 1, 1, 1, 1, 1, 1, 1, 1, 1, 1, 1, 1, 1, 1, 1, 1, 1, 1, 1, 1, 1, 1, 1, 1, 1, 1, 1, 1, 1, 1, 1, 1, 1, 1, 1, 1, 1, 1, 1, 1, 1, 1, 1, 1, 1, 1, 1, 1, 1, 1, 1, 1, 1, 1, 1, 1, 1, 1, 1, 1, 1, 1, 1, 1, 1, 1, 1, 1, 1, 1, 1, 1, 1, 1, 1, 1, 1, 1, 1, 1, 1, 1, 1, 1, 1, 1, 1, 1, 1, 1, 1, 1, 1, 1, 1, 1, 1, 1, 1, 1, 1, 1, 1, 1, 1]
Labels:           [81, -100, -100, -100, -100, -100, -100, -100, -100, -100, -100, -100, -100, -100, -100, -100, -100, -100, -100, -100, -100, -100, -100, -100, -100, -100, -100, -100, -100, -100, -100, -100, -100, -100, -100, -100, -100, -100, -100, -100, -100, -100, -100, -100, -100, -100, -100, -100, -100, -100, -100, -100, -100, -100, -100, -100, -100, -100, -100, -100, -100, -100, -100, -100, -100, -100, -100, -100, -100, -100, -100, -100, -100, -100, -100, -100, -100, -100, -100, -100, -100, -100, -100, -100, -100, -100, -100, -100, -100, -100, -100, -100, -100, -100, -100, -100, -100, -100, -100, -100, -100, -100, -100, -100, -100, -100, -100, -100, -100, -100, -100, -100, -100, -100, -100, -100, -100, -100, -100, -100, -100, -100, -100, -100, -100, -100, -100, -100, -100, -100, -100, -100, -100, -100, -100, -100, -100, -100, -100, -100, -100, -100, -100, -100, -100, -100, -100, -100, -100, -100, -100, -100, -100, -100, -100, -100, -100, -100, -100, -100, -100, -100, -100, -100, -100, -100, -100, -100, -100, -100, -100, -100, -100, -100, -100, -100, -100, -100, -100, -100, -100, -100, -100, -100, -100, -100, -100, -100, -100, -100, -100, -100, -100, -100, -100, -100, -100, -100, -100, -100, -100, -100, -100, -100, -100, -100, -100, -100, -100, -100, -100, -100, -100, -100, -100, -100, -100, -100, -100, -100, -100, -100, -100, -100, -100, -100, -100, -100, -100, -100, -100, -100, -100, -100, -100, -100, -100, -100, -100, -100, -100, -100, -100, -100, -100, -100, -100, -100, 99, -100, -100, 29, -100, -100, -100, 83, 59, 34, -100]
Decoded Input:    UNIT_PROPAGATION_BEGIN READ_CLAUSES READ_BEGIN [ x7 x5 -x23 ] [ x22 x3 x11 ] [ x23 -x1 -x22 ] [ -x5 x15 -x7 ] [ x11 -x9 x7 ] [ x3 x11 x24 ] [ x1 -x15 x22 ] [ -x7 -x23 x9 ] [ -x5 -x7 x3 ] [ x15 x9 x4 ] [ -x24 x3 x4 ] [ -x7 -x22 -x5 ] [ x5 x1 -x9 ] [ -x23 x9 -x5 ] [ x15 -x4 -x7 ] [ x23 -x11 x24 ] [ -x15 x3 x1 ] [ x24 -x11 x3 ] [ -x7 x22 -x1 ] [ x7 x9 x3 ] [ -x7 x22 -x4 ] [ x24 -x22 -x5 ] [ x22 x1 x9 ] [ x7 -x5 x1 ] [ -x15 x3 x22 ] [ -x22 -x4 -x7 ] [ x22 -x5 x7 ] [ x22 x15 x3 ] [ x22 -x5 x23 ] [ x3 x1 -x9 ] [ -x5 -x22 -x4 ] [ x5 x15 x11 ] [ -x11 x24 -x15 ] [ x24 x3 -x1 ] [ -x5 x24 x23 ] [ x15 -x5 -x3 ] [ -x1 -x22 -x24 ] [ x4 -x11 -x15 ] [ -x4 x11 -x1 ] [ -x15 -x7 -x11 ] [ x24 x15 x4 ] [ x22 -x1 -x9 ] [ -x22 x4 x1 ] [ x23 -x3 -x5 ] [ -x23 x24 -x1 ] [ x22 -x9 x7 ] [ x11 -x4 -x7 ] [ x1 x15 x3 ] [ x9 x3 -x5 ] READ_END READ_LEARNED_CLAUSES READ_BEGIN READ_END READ_ASSIGNMENTS READ_BEGIN x1 READ_END PROPAGATED 0 UNIT_PROPAGATION_END
Decoded Labels:   READ_CLAUSES READ_LEARNED_CLAUSES READ_ASSIGNMENTS PROPAGATED 0 UNIT_PROPAGATION_END
[TRAIN] Mean: 325.60, Min: 82, Max: 1962
Saved token length histogram: /scratch.ssd/koutefra/job_10437158.pbs-m1/NeuralCDCL/data/token_lengths_train.png

--- Debug info for split: val ---

Example 1:
Input IDs:        [42, 81, 76, 55, 60, 74, 87, 1, 55, 58, 49, 66, 1, 55, 73, 66, 49, 1, 55, 45, 71, 74, 1, 55, 63, 73, 71, 1, 55, 92, 87, 52, 1, 55, 73, 52, 37, 1, 55, 27, 45, 48, 1, 55, 58, 52, 63, 1, 55, 63, 45, 37, 1, 55, 49, 27, 52, 1, 55, 52, 12, 24, 1, 55, 63, 48, 24, 1, 55, 60, 90, 12, 1, 55, 90, 52, 49, 1, 55, 15, 66, 37, 1, 55, 48, 73, 12, 1, 55, 63, 71, 8, 1, 55, 52, 71, 45, 1, 55, 61, 58, 19, 1, 55, 49, 63, 74, 1, 55, 63, 27, 71, 1, 55, 73, 19, 71, 1, 55, 37, 49, 73, 1, 55, 92, 19, 58, 1, 55, 15, 19, 48, 1, 55, 37, 73, 92, 1, 55, 19, 73, 92, 1, 55, 63, 8, 27, 1, 55, 92, 58, 19, 1, 55, 27, 92, 8, 1, 55, 60, 92, 66, 1, 55, 74, 48, 15, 1, 55, 66, 24, 15, 1, 55, 24, 63, 37, 1, 55, 58, 61, 19, 1, 55, 92, 37, 66, 1, 55, 52, 92, 8, 1, 55, 45, 73, 87, 1, 55, 8, 87, 19, 1, 55, 45, 24, 90, 1, 55, 92, 90, 74, 1, 55, 61, 71, 73, 1, 55, 52, 15, 45, 1, 55, 66, 60, 49, 1, 55, 52, 92, 27, 1, 55, 92, 48, 71, 1, 55, 66, 15, 48, 1, 55, 15, 61, 12, 1, 55, 73, 24, 48, 1, 55, 60, 71, 24, 1, 55, 52, 24, 71, 1, 25, 3, 29, 76, 25, 40, 67, 64, 64, 64, 64, 64, 64, 64, 64, 64, 64, 64, 82, 18, 58, 17, 2, 18, 64, 17, 89, 18, 41, 17, 9, 3, 29, 76, 58, 25, 40, 64, 67, 64, 64, 64, 64, 64, 64, 64, 64, 64, 64, 64, 82, 18, 48, 17, 2, 18, 64, 64, 17, 89, 18, 41, 17, 9, 3, 29, 76, 58, 48, 71, 12, 25, 40, 64, 64, 64, 64, 67, 64, 64, 64, 64, 64, 64, 64, 64, 64, 64, 64, 82, 18, 66, 17, 2, 18, 64, 64, 64, 17, 89, 18, 41, 17, 9, 3, 32, 76, 64, 64, 64, 25, 21, 62, 59, 100, 56, 3, 32, 76, 64, 64, 25, 21, 62, 59, 100, 56, 3, 32, 76, 64, 25, 21, 62, 59, 100, 56, 3, 29, 76, 73, 25, 40, 64, 67, 64, 64, 64, 64, 64, 64, 64, 64, 64, 64, 64, 82, 18, 61, 17, 2, 18, 64, 17, 89, 18, 41, 17, 9, 3, 29, 76, 73, 61, 25, 40, 64, 64, 67, 64, 64, 64, 64, 64, 64, 64, 64, 64, 64, 64, 82, 18, 45, 17, 2, 18, 64, 64, 17, 89, 18, 41, 17, 9, 3, 32, 76, 64, 64, 25, 21, 62, 59, 100, 56, 3, 32, 76, 64, 25, 21, 62, 59, 100, 56, 3, 29, 76, 73, 48, 19, 25, 40, 64, 64, 64, 67, 64, 64, 64, 64, 64, 64, 64, 64, 64, 64, 64, 82, 18, 66, 17, 2, 18, 64, 17, 89, 18, 41, 17, 9, 3, 29, 76, 73, 48, 19, 66, 71, 52, 12, 8, 87, 63, 90, 25, 40, 64, 64, 64, 64, 64, 64, 64, 64, 64, 64, 64, 67, 64, 64, 64, 64, 64, 64, 64, 64, 64, 64, 64, 95, 23]
Attention Mask:   [1, 1, 1, 1, 1, 1, 1, 1, 1, 1, 1, 1, 1, 1, 1, 1, 1, 1, 1, 1, 1, 1, 1, 1, 1, 1, 1, 1, 1, 1, 1, 1, 1, 1, 1, 1, 1, 1, 1, 1, 1, 1, 1, 1, 1, 1, 1, 1, 1, 1, 1, 1, 1, 1, 1, 1, 1, 1, 1, 1, 1, 1, 1, 1, 1, 1, 1, 1, 1, 1, 1, 1, 1, 1, 1, 1, 1, 1, 1, 1, 1, 1, 1, 1, 1, 1, 1, 1, 1, 1, 1, 1, 1, 1, 1, 1, 1, 1, 1, 1, 1, 1, 1, 1, 1, 1, 1, 1, 1, 1, 1, 1, 1, 1, 1, 1, 1, 1, 1, 1, 1, 1, 1, 1, 1, 1, 1, 1, 1, 1, 1, 1, 1, 1, 1, 1, 1, 1, 1, 1, 1, 1, 1, 1, 1, 1, 1, 1, 1, 1, 1, 1, 1, 1, 1, 1, 1, 1, 1, 1, 1, 1, 1, 1, 1, 1, 1, 1, 1, 1, 1, 1, 1, 1, 1, 1, 1, 1, 1, 1, 1, 1, 1, 1, 1, 1, 1, 1, 1, 1, 1, 1, 1, 1, 1, 1, 1, 1, 1, 1, 1, 1, 1, 1, 1, 1, 1, 1, 1, 1, 1, 1, 1, 1, 1, 1, 1, 1, 1, 1, 1, 1, 1, 1, 1, 1, 1, 1, 1, 1, 1, 1, 1, 1, 1, 1, 1, 1, 1, 1, 1, 1, 1, 1, 1, 1, 1, 1, 1, 1, 1, 1, 1, 1, 1, 1, 1, 1, 1, 1, 1, 1, 1, 1, 1, 1, 1, 1, 1, 1, 1, 1, 1, 1, 1, 1, 1, 1, 1, 1, 1, 1, 1, 1, 1, 1, 1, 1, 1, 1, 1, 1, 1, 1, 1, 1, 1, 1, 1, 1, 1, 1, 1, 1, 1, 1, 1, 1, 1, 1, 1, 1, 1, 1, 1, 1, 1, 1, 1, 1, 1, 1, 1, 1, 1, 1, 1, 1, 1, 1, 1, 1, 1, 1, 1, 1, 1, 1, 1, 1, 1, 1, 1, 1, 1, 1, 1, 1, 1, 1, 1, 1, 1, 1, 1, 1, 1, 1, 1, 1, 1, 1, 1, 1, 1, 1, 1, 1, 1, 1, 1, 1, 1, 1, 1, 1, 1, 1, 1, 1, 1, 1, 1, 1, 1, 1, 1, 1, 1, 1, 1, 1, 1, 1, 1, 1, 1, 1, 1, 1, 1, 1, 1, 1, 1, 1, 1, 1, 1, 1, 1, 1, 1, 1, 1, 1, 1, 1, 1, 1, 1, 1, 1, 1, 1, 1, 1, 1, 1, 1, 1, 1, 1, 1, 1, 1, 1, 1, 1, 1, 1, 1, 1, 1, 1, 1, 1, 1, 1, 1, 1, 1, 1, 1, 1, 1, 1, 1, 1, 1, 1, 1, 1, 1, 1, 1, 1, 1, 1, 1, 1, 1, 1, 1, 1, 1, 1, 1, 1, 1, 1, 1, 1, 1, 1, 1, 1, 1, 1, 1, 1, 1, 1, 1, 1, 1, 1, 1, 1, 1, 1, 1, 1, 1, 1, 1, 1, 1, 1, 1, 1, 1, 1, 1, 1, 1, 1, 1, 1, 1, 1, 1, 1, 1, 1, 1, 1, 1, 1, 1, 1, 1, 1, 1, 1, 1, 1, 1, 1, 1, 1, 1, 1, 1, 1, 1, 1, 1, 1, 1, 1, 1, 1, 1, 1, 1, 1, 1, 1, 1, 1, 1, 1, 1, 1]
Labels:           [81, -100, -100, -100, -100, -100, -100, -100, -100, -100, -100, -100, -100, -100, -100, -100, -100, -100, -100, -100, -100, -100, -100, -100, -100, -100, -100, -100, -100, -100, -100, -100, -100, -100, -100, -100, -100, -100, -100, -100, -100, -100, -100, -100, -100, -100, -100, -100, -100, -100, -100, -100, -100, -100, -100, -100, -100, -100, -100, -100, -100, -100, -100, -100, -100, -100, -100, -100, -100, -100, -100, -100, -100, -100, -100, -100, -100, -100, -100, -100, -100, -100, -100, -100, -100, -100, -100, -100, -100, -100, -100, -100, -100, -100, -100, -100, -100, -100, -100, -100, -100, -100, -100, -100, -100, -100, -100, -100, -100, -100, -100, -100, -100, -100, -100, -100, -100, -100, -100, -100, -100, -100, -100, -100, -100, -100, -100, -100, -100, -100, -100, -100, -100, -100, -100, -100, -100, -100, -100, -100, -100, -100, -100, -100, -100, -100, -100, -100, -100, -100, -100, -100, -100, -100, -100, -100, -100, -100, -100, -100, -100, -100, -100, -100, -100, -100, -100, -100, -100, -100, -100, -100, -100, -100, -100, -100, -100, -100, -100, -100, -100, -100, -100, -100, -100, -100, -100, -100, -100, -100, -100, -100, -100, -100, -100, -100, -100, -100, -100, -100, -100, -100, -100, -100, -100, -100, -100, -100, -100, -100, -100, -100, -100, -100, -100, -100, -100, -100, -100, -100, -100, -100, -100, -100, -100, -100, -100, -100, -100, -100, -100, -100, -100, -100, -100, -100, -100, -100, -100, -100, -100, -100, -100, -100, -100, -100, -100, -100, -100, -100, -100, -100, -100, -100, -100, -100, -100, -100, -100, -100, -100, -100, -100, 3, 29, -100, -100, 40, 67, 64, 64, 64, 64, 64, 64, 64, 64, 64, 64, 64, 82, 18, 58, 17, 2, 18, 64, 17, 89, 18, 41, 17, 9, 3, 29, -100, -100, -100, 40, 64, 67, 64, 64, 64, 64, 64, 64, 64, 64, 64, 64, 64, 82, 18, 48, 17, 2, 18, 64, 64, 17, 89, 18, 41, 17, 9, 3, 29, -100, -100, -100, -100, -100, -100, 40, 64, 64, 64, 64, 67, 64, 64, 64, 64, 64, 64, 64, 64, 64, 64, 64, 82, 18, 66, 17, 2, 18, 64, 64, 64, 17, 89, 18, 41, 17, 9, 3, 32, -100, -100, -100, -100, -100, 21, 62, 59, 100, 56, 3, 32, -100, -100, -100, -100, 21, 62, 59, 100, 56, 3, 32, -100, -100, -100, 21, 62, 59, 100, 56, 3, 29, -100, -100, -100, 40, 64, 67, 64, 64, 64, 64, 64, 64, 64, 64, 64, 64, 64, 82, 18, 61, 17, 2, 18, 64, 17, 89, 18, 41, 17, 9, 3, 29, -100, -100, -100, -100, 40, 64, 64, 67, 64, 64, 64, 64, 64, 64, 64, 64, 64, 64, 64, 82, 18, 45, 17, 2, 18, 64, 64, 17, 89, 18, 41, 17, 9, 3, 32, -100, -100, -100, -100, 21, 62, 59, 100, 56, 3, 32, -100, -100, -100, 21, 62, 59, 100, 56, 3, 29, -100, -100, -100, -100, -100, 40, 64, 64, 64, 67, 64, 64, 64, 64, 64, 64, 64, 64, 64, 64, 64, 82, 18, 66, 17, 2, 18, 64, 17, 89, 18, 41, 17, 9, 3, 29, -100, -100, -100, -100, -100, -100, -100, -100, -100, -100, -100, -100, -100, 40, 64, 64, 64, 64, 64, 64, 64, 64, 64, 64, 64, 67, 64, 64, 64, 64, 64, 64, 64, 64, 64, 64, 64, 95, 23, -100]
Decoded Input:    SOLVE_BEGIN READ_CLAUSES READ_BEGIN [ -x15 -x17 -x25 ] [ -x4 x25 x8 ] [ x4 x8 x25 ] [ -x8 -x13 -x17 ] [ x14 x4 -x13 ] [ -x14 -x25 x15 ] [ x4 x15 -x24 ] [ x9 -x8 -x6 ] [ -x4 x15 x14 ] [ x14 -x8 -x24 ] [ x25 x9 x15 ] [ x15 -x9 x12 ] [ x14 -x6 x12 ] [ -x15 x24 -x9 ] [ x24 x15 x25 ] [ x13 x8 -x24 ] [ -x6 x4 -x9 ] [ x14 -x13 -x12 ] [ x15 -x13 -x8 ] [ x6 -x4 x17 ] [ x25 x14 -x17 ] [ x14 x9 -x13 ] [ x4 x17 -x13 ] [ -x24 x25 x4 ] [ -x14 x17 -x4 ] [ x13 x17 -x6 ] [ -x24 x4 -x14 ] [ x17 x4 -x14 ] [ x14 -x12 x9 ] [ -x14 -x4 x17 ] [ x9 -x14 -x12 ] [ -x15 -x14 x8 ] [ -x17 -x6 x13 ] [ x8 x12 x13 ] [ x12 x14 -x24 ] [ -x4 x6 x17 ] [ -x14 -x24 x8 ] [ x15 -x14 -x12 ] [ -x8 x4 -x25 ] [ -x12 -x25 x17 ] [ -x8 x12 x24 ] [ -x14 x24 -x17 ] [ x6 -x13 x4 ] [ x15 x13 -x8 ] [ x8 -x15 x25 ] [ x15 -x14 x9 ] [ -x14 -x6 -x13 ] [ x8 x13 -x6 ] [ x13 x6 -x9 ] [ x4 x12 -x6 ] [ -x15 -x13 x12 ] [ x15 x12 -x13 ] READ_END CALL_UNIT_PROPAGATION READ_ASSIGNMENTS READ_BEGIN READ_END N_VARS_ASSIGNED N_VARS_TOTAL I I I I I I I I I I I WRITE_ASSIGNMENTS WRITE_BEGIN -x4 WRITE_END WRITE_DECISION_LEVELS WRITE_BEGIN I WRITE_END WRITE_REASON_CLAUSES WRITE_BEGIN None WRITE_END LEVEL_UP CALL_UNIT_PROPAGATION READ_ASSIGNMENTS READ_BEGIN -x4 READ_END N_VARS_ASSIGNED I N_VARS_TOTAL I I I I I I I I I I I WRITE_ASSIGNMENTS WRITE_BEGIN -x6 WRITE_END WRITE_DECISION_LEVELS WRITE_BEGIN I I WRITE_END WRITE_REASON_CLAUSES WRITE_BEGIN None WRITE_END LEVEL_UP CALL_UNIT_PROPAGATION READ_ASSIGNMENTS READ_BEGIN -x4 -x6 -x13 -x9 READ_END N_VARS_ASSIGNED I I I I N_VARS_TOTAL I I I I I I I I I I I WRITE_ASSIGNMENTS WRITE_BEGIN x8 WRITE_END WRITE_DECISION_LEVELS WRITE_BEGIN I I I WRITE_END WRITE_REASON_CLAUSES WRITE_BEGIN None WRITE_END LEVEL_UP CALL_UNIT_PROPAGATION READ_LEVEL READ_BEGIN I I I READ_END IS UNSAT 0 CALL_ANALYZE_CONFLICT BACKTRACK CALL_UNIT_PROPAGATION READ_LEVEL READ_BEGIN I I READ_END IS UNSAT 0 CALL_ANALYZE_CONFLICT BACKTRACK CALL_UNIT_PROPAGATION READ_LEVEL READ_BEGIN I READ_END IS UNSAT 0 CALL_ANALYZE_CONFLICT BACKTRACK CALL_UNIT_PROPAGATION READ_ASSIGNMENTS READ_BEGIN x4 READ_END N_VARS_ASSIGNED I N_VARS_TOTAL I I I I I I I I I I I WRITE_ASSIGNMENTS WRITE_BEGIN x6 WRITE_END WRITE_DECISION_LEVELS WRITE_BEGIN I WRITE_END WRITE_REASON_CLAUSES WRITE_BEGIN None WRITE_END LEVEL_UP CALL_UNIT_PROPAGATION READ_ASSIGNMENTS READ_BEGIN x4 x6 READ_END N_VARS_ASSIGNED I I N_VARS_TOTAL I I I I I I I I I I I WRITE_ASSIGNMENTS WRITE_BEGIN -x8 WRITE_END WRITE_DECISION_LEVELS WRITE_BEGIN I I WRITE_END WRITE_REASON_CLAUSES WRITE_BEGIN None WRITE_END LEVEL_UP CALL_UNIT_PROPAGATION READ_LEVEL READ_BEGIN I I READ_END IS UNSAT 0 CALL_ANALYZE_CONFLICT BACKTRACK CALL_UNIT_PROPAGATION READ_LEVEL READ_BEGIN I READ_END IS UNSAT 0 CALL_ANALYZE_CONFLICT BACKTRACK CALL_UNIT_PROPAGATION READ_ASSIGNMENTS READ_BEGIN x4 -x6 x17 READ_END N_VARS_ASSIGNED I I I N_VARS_TOTAL I I I I I I I I I I I WRITE_ASSIGNMENTS WRITE_BEGIN x8 WRITE_END WRITE_DECISION_LEVELS WRITE_BEGIN I WRITE_END WRITE_REASON_CLAUSES WRITE_BEGIN None WRITE_END LEVEL_UP CALL_UNIT_PROPAGATION READ_ASSIGNMENTS READ_BEGIN x4 -x6 x17 x8 -x13 x15 -x9 -x12 -x25 x14 x24 READ_END N_VARS_ASSIGNED I I I I I I I I I I I N_VARS_TOTAL I I I I I I I I I I I SAT SOLVE_END
Decoded Labels:   READ_CLAUSES CALL_UNIT_PROPAGATION READ_ASSIGNMENTS N_VARS_ASSIGNED N_VARS_TOTAL I I I I I I I I I I I WRITE_ASSIGNMENTS WRITE_BEGIN -x4 WRITE_END WRITE_DECISION_LEVELS WRITE_BEGIN I WRITE_END WRITE_REASON_CLAUSES WRITE_BEGIN None WRITE_END LEVEL_UP CALL_UNIT_PROPAGATION READ_ASSIGNMENTS N_VARS_ASSIGNED I N_VARS_TOTAL I I I I I I I I I I I WRITE_ASSIGNMENTS WRITE_BEGIN -x6 WRITE_END WRITE_DECISION_LEVELS WRITE_BEGIN I I WRITE_END WRITE_REASON_CLAUSES WRITE_BEGIN None WRITE_END LEVEL_UP CALL_UNIT_PROPAGATION READ_ASSIGNMENTS N_VARS_ASSIGNED I I I I N_VARS_TOTAL I I I I I I I I I I I WRITE_ASSIGNMENTS WRITE_BEGIN x8 WRITE_END WRITE_DECISION_LEVELS WRITE_BEGIN I I I WRITE_END WRITE_REASON_CLAUSES WRITE_BEGIN None WRITE_END LEVEL_UP CALL_UNIT_PROPAGATION READ_LEVEL IS UNSAT 0 CALL_ANALYZE_CONFLICT BACKTRACK CALL_UNIT_PROPAGATION READ_LEVEL IS UNSAT 0 CALL_ANALYZE_CONFLICT BACKTRACK CALL_UNIT_PROPAGATION READ_LEVEL IS UNSAT 0 CALL_ANALYZE_CONFLICT BACKTRACK CALL_UNIT_PROPAGATION READ_ASSIGNMENTS N_VARS_ASSIGNED I N_VARS_TOTAL I I I I I I I I I I I WRITE_ASSIGNMENTS WRITE_BEGIN x6 WRITE_END WRITE_DECISION_LEVELS WRITE_BEGIN I WRITE_END WRITE_REASON_CLAUSES WRITE_BEGIN None WRITE_END LEVEL_UP CALL_UNIT_PROPAGATION READ_ASSIGNMENTS N_VARS_ASSIGNED I I N_VARS_TOTAL I I I I I I I I I I I WRITE_ASSIGNMENTS WRITE_BEGIN -x8 WRITE_END WRITE_DECISION_LEVELS WRITE_BEGIN I I WRITE_END WRITE_REASON_CLAUSES WRITE_BEGIN None WRITE_END LEVEL_UP CALL_UNIT_PROPAGATION READ_LEVEL IS UNSAT 0 CALL_ANALYZE_CONFLICT BACKTRACK CALL_UNIT_PROPAGATION READ_LEVEL IS UNSAT 0 CALL_ANALYZE_CONFLICT BACKTRACK CALL_UNIT_PROPAGATION READ_ASSIGNMENTS N_VARS_ASSIGNED I I I N_VARS_TOTAL I I I I I I I I I I I WRITE_ASSIGNMENTS WRITE_BEGIN x8 WRITE_END WRITE_DECISION_LEVELS WRITE_BEGIN I WRITE_END WRITE_REASON_CLAUSES WRITE_BEGIN None WRITE_END LEVEL_UP CALL_UNIT_PROPAGATION READ_ASSIGNMENTS N_VARS_ASSIGNED I I I I I I I I I I I N_VARS_TOTAL I I I I I I I I I I I SAT SOLVE_END

Example 2:
Input IDs:        [0, 81, 76, 55, 60, 74, 87, 1, 55, 58, 49, 66, 1, 55, 73, 66, 49, 1, 55, 45, 71, 74, 1, 55, 63, 73, 71, 1, 55, 92, 87, 52, 1, 55, 73, 52, 37, 1, 55, 27, 45, 48, 1, 55, 58, 52, 63, 1, 55, 63, 45, 37, 1, 55, 49, 27, 52, 1, 55, 52, 12, 24, 1, 55, 63, 48, 24, 1, 55, 60, 90, 12, 1, 55, 90, 52, 49, 1, 55, 15, 66, 37, 1, 55, 48, 73, 12, 1, 55, 63, 71, 8, 1, 55, 52, 71, 45, 1, 55, 61, 58, 19, 1, 55, 49, 63, 74, 1, 55, 63, 27, 71, 1, 55, 73, 19, 71, 1, 55, 37, 49, 73, 1, 55, 92, 19, 58, 1, 55, 15, 19, 48, 1, 55, 37, 73, 92, 1, 55, 19, 73, 92, 1, 55, 63, 8, 27, 1, 55, 92, 58, 19, 1, 55, 27, 92, 8, 1, 55, 60, 92, 66, 1, 55, 74, 48, 15, 1, 55, 66, 24, 15, 1, 55, 24, 63, 37, 1, 55, 58, 61, 19, 1, 55, 92, 37, 66, 1, 55, 52, 92, 8, 1, 55, 45, 73, 87, 1, 55, 8, 87, 19, 1, 55, 45, 24, 90, 1, 55, 92, 90, 74, 1, 55, 61, 71, 73, 1, 55, 52, 15, 45, 1, 55, 66, 60, 49, 1, 55, 52, 92, 27, 1, 55, 92, 48, 71, 1, 55, 66, 15, 48, 1, 55, 15, 61, 12, 1, 55, 73, 24, 48, 1, 55, 60, 71, 24, 1, 55, 52, 24, 71, 1, 25, 99, 76, 25, 29, 76, 25, 83, 59, 34]
Attention Mask:   [1, 1, 1, 1, 1, 1, 1, 1, 1, 1, 1, 1, 1, 1, 1, 1, 1, 1, 1, 1, 1, 1, 1, 1, 1, 1, 1, 1, 1, 1, 1, 1, 1, 1, 1, 1, 1, 1, 1, 1, 1, 1, 1, 1, 1, 1, 1, 1, 1, 1, 1, 1, 1, 1, 1, 1, 1, 1, 1, 1, 1, 1, 1, 1, 1, 1, 1, 1, 1, 1, 1, 1, 1, 1, 1, 1, 1, 1, 1, 1, 1, 1, 1, 1, 1, 1, 1, 1, 1, 1, 1, 1, 1, 1, 1, 1, 1, 1, 1, 1, 1, 1, 1, 1, 1, 1, 1, 1, 1, 1, 1, 1, 1, 1, 1, 1, 1, 1, 1, 1, 1, 1, 1, 1, 1, 1, 1, 1, 1, 1, 1, 1, 1, 1, 1, 1, 1, 1, 1, 1, 1, 1, 1, 1, 1, 1, 1, 1, 1, 1, 1, 1, 1, 1, 1, 1, 1, 1, 1, 1, 1, 1, 1, 1, 1, 1, 1, 1, 1, 1, 1, 1, 1, 1, 1, 1, 1, 1, 1, 1, 1, 1, 1, 1, 1, 1, 1, 1, 1, 1, 1, 1, 1, 1, 1, 1, 1, 1, 1, 1, 1, 1, 1, 1, 1, 1, 1, 1, 1, 1, 1, 1, 1, 1, 1, 1, 1, 1, 1, 1, 1, 1, 1, 1, 1, 1, 1, 1, 1, 1, 1, 1, 1, 1, 1, 1, 1, 1, 1, 1, 1, 1, 1, 1, 1, 1, 1, 1, 1, 1, 1, 1, 1, 1, 1, 1, 1, 1, 1, 1, 1, 1, 1, 1, 1, 1, 1, 1, 1, 1, 1, 1, 1]
Labels:           [81, -100, -100, -100, -100, -100, -100, -100, -100, -100, -100, -100, -100, -100, -100, -100, -100, -100, -100, -100, -100, -100, -100, -100, -100, -100, -100, -100, -100, -100, -100, -100, -100, -100, -100, -100, -100, -100, -100, -100, -100, -100, -100, -100, -100, -100, -100, -100, -100, -100, -100, -100, -100, -100, -100, -100, -100, -100, -100, -100, -100, -100, -100, -100, -100, -100, -100, -100, -100, -100, -100, -100, -100, -100, -100, -100, -100, -100, -100, -100, -100, -100, -100, -100, -100, -100, -100, -100, -100, -100, -100, -100, -100, -100, -100, -100, -100, -100, -100, -100, -100, -100, -100, -100, -100, -100, -100, -100, -100, -100, -100, -100, -100, -100, -100, -100, -100, -100, -100, -100, -100, -100, -100, -100, -100, -100, -100, -100, -100, -100, -100, -100, -100, -100, -100, -100, -100, -100, -100, -100, -100, -100, -100, -100, -100, -100, -100, -100, -100, -100, -100, -100, -100, -100, -100, -100, -100, -100, -100, -100, -100, -100, -100, -100, -100, -100, -100, -100, -100, -100, -100, -100, -100, -100, -100, -100, -100, -100, -100, -100, -100, -100, -100, -100, -100, -100, -100, -100, -100, -100, -100, -100, -100, -100, -100, -100, -100, -100, -100, -100, -100, -100, -100, -100, -100, -100, -100, -100, -100, -100, -100, -100, -100, -100, -100, -100, -100, -100, -100, -100, -100, -100, -100, -100, -100, -100, -100, -100, -100, -100, -100, -100, -100, -100, -100, -100, -100, -100, -100, -100, -100, -100, -100, -100, -100, -100, -100, -100, -100, -100, -100, -100, -100, -100, -100, -100, -100, -100, -100, -100, -100, -100, -100, 99, -100, -100, 29, -100, -100, 83, 59, 34, -100]
Decoded Input:    UNIT_PROPAGATION_BEGIN READ_CLAUSES READ_BEGIN [ -x15 -x17 -x25 ] [ -x4 x25 x8 ] [ x4 x8 x25 ] [ -x8 -x13 -x17 ] [ x14 x4 -x13 ] [ -x14 -x25 x15 ] [ x4 x15 -x24 ] [ x9 -x8 -x6 ] [ -x4 x15 x14 ] [ x14 -x8 -x24 ] [ x25 x9 x15 ] [ x15 -x9 x12 ] [ x14 -x6 x12 ] [ -x15 x24 -x9 ] [ x24 x15 x25 ] [ x13 x8 -x24 ] [ -x6 x4 -x9 ] [ x14 -x13 -x12 ] [ x15 -x13 -x8 ] [ x6 -x4 x17 ] [ x25 x14 -x17 ] [ x14 x9 -x13 ] [ x4 x17 -x13 ] [ -x24 x25 x4 ] [ -x14 x17 -x4 ] [ x13 x17 -x6 ] [ -x24 x4 -x14 ] [ x17 x4 -x14 ] [ x14 -x12 x9 ] [ -x14 -x4 x17 ] [ x9 -x14 -x12 ] [ -x15 -x14 x8 ] [ -x17 -x6 x13 ] [ x8 x12 x13 ] [ x12 x14 -x24 ] [ -x4 x6 x17 ] [ -x14 -x24 x8 ] [ x15 -x14 -x12 ] [ -x8 x4 -x25 ] [ -x12 -x25 x17 ] [ -x8 x12 x24 ] [ -x14 x24 -x17 ] [ x6 -x13 x4 ] [ x15 x13 -x8 ] [ x8 -x15 x25 ] [ x15 -x14 x9 ] [ -x14 -x6 -x13 ] [ x8 x13 -x6 ] [ x13 x6 -x9 ] [ x4 x12 -x6 ] [ -x15 -x13 x12 ] [ x15 x12 -x13 ] READ_END READ_LEARNED_CLAUSES READ_BEGIN READ_END READ_ASSIGNMENTS READ_BEGIN READ_END PROPAGATED 0 UNIT_PROPAGATION_END
Decoded Labels:   READ_CLAUSES READ_LEARNED_CLAUSES READ_ASSIGNMENTS PROPAGATED 0 UNIT_PROPAGATION_END

Example 3:
Input IDs:        [0, 81, 76, 55, 60, 74, 87, 1, 55, 58, 49, 66, 1, 55, 73, 66, 49, 1, 55, 45, 71, 74, 1, 55, 63, 73, 71, 1, 55, 92, 87, 52, 1, 55, 73, 52, 37, 1, 55, 27, 45, 48, 1, 55, 58, 52, 63, 1, 55, 63, 45, 37, 1, 55, 49, 27, 52, 1, 55, 52, 12, 24, 1, 55, 63, 48, 24, 1, 55, 60, 90, 12, 1, 55, 90, 52, 49, 1, 55, 15, 66, 37, 1, 55, 48, 73, 12, 1, 55, 63, 71, 8, 1, 55, 52, 71, 45, 1, 55, 61, 58, 19, 1, 55, 49, 63, 74, 1, 55, 63, 27, 71, 1, 55, 73, 19, 71, 1, 55, 37, 49, 73, 1, 55, 92, 19, 58, 1, 55, 15, 19, 48, 1, 55, 37, 73, 92, 1, 55, 19, 73, 92, 1, 55, 63, 8, 27, 1, 55, 92, 58, 19, 1, 55, 27, 92, 8, 1, 55, 60, 92, 66, 1, 55, 74, 48, 15, 1, 55, 66, 24, 15, 1, 55, 24, 63, 37, 1, 55, 58, 61, 19, 1, 55, 92, 37, 66, 1, 55, 52, 92, 8, 1, 55, 45, 73, 87, 1, 55, 8, 87, 19, 1, 55, 45, 24, 90, 1, 55, 92, 90, 74, 1, 55, 61, 71, 73, 1, 55, 52, 15, 45, 1, 55, 66, 60, 49, 1, 55, 52, 92, 27, 1, 55, 92, 48, 71, 1, 55, 66, 15, 48, 1, 55, 15, 61, 12, 1, 55, 73, 24, 48, 1, 55, 60, 71, 24, 1, 55, 52, 24, 71, 1, 25, 99, 76, 25, 29, 76, 58, 25, 83, 59, 34]
Attention Mask:   [1, 1, 1, 1, 1, 1, 1, 1, 1, 1, 1, 1, 1, 1, 1, 1, 1, 1, 1, 1, 1, 1, 1, 1, 1, 1, 1, 1, 1, 1, 1, 1, 1, 1, 1, 1, 1, 1, 1, 1, 1, 1, 1, 1, 1, 1, 1, 1, 1, 1, 1, 1, 1, 1, 1, 1, 1, 1, 1, 1, 1, 1, 1, 1, 1, 1, 1, 1, 1, 1, 1, 1, 1, 1, 1, 1, 1, 1, 1, 1, 1, 1, 1, 1, 1, 1, 1, 1, 1, 1, 1, 1, 1, 1, 1, 1, 1, 1, 1, 1, 1, 1, 1, 1, 1, 1, 1, 1, 1, 1, 1, 1, 1, 1, 1, 1, 1, 1, 1, 1, 1, 1, 1, 1, 1, 1, 1, 1, 1, 1, 1, 1, 1, 1, 1, 1, 1, 1, 1, 1, 1, 1, 1, 1, 1, 1, 1, 1, 1, 1, 1, 1, 1, 1, 1, 1, 1, 1, 1, 1, 1, 1, 1, 1, 1, 1, 1, 1, 1, 1, 1, 1, 1, 1, 1, 1, 1, 1, 1, 1, 1, 1, 1, 1, 1, 1, 1, 1, 1, 1, 1, 1, 1, 1, 1, 1, 1, 1, 1, 1, 1, 1, 1, 1, 1, 1, 1, 1, 1, 1, 1, 1, 1, 1, 1, 1, 1, 1, 1, 1, 1, 1, 1, 1, 1, 1, 1, 1, 1, 1, 1, 1, 1, 1, 1, 1, 1, 1, 1, 1, 1, 1, 1, 1, 1, 1, 1, 1, 1, 1, 1, 1, 1, 1, 1, 1, 1, 1, 1, 1, 1, 1, 1, 1, 1, 1, 1, 1, 1, 1, 1, 1, 1, 1]
Labels:           [81, -100, -100, -100, -100, -100, -100, -100, -100, -100, -100, -100, -100, -100, -100, -100, -100, -100, -100, -100, -100, -100, -100, -100, -100, -100, -100, -100, -100, -100, -100, -100, -100, -100, -100, -100, -100, -100, -100, -100, -100, -100, -100, -100, -100, -100, -100, -100, -100, -100, -100, -100, -100, -100, -100, -100, -100, -100, -100, -100, -100, -100, -100, -100, -100, -100, -100, -100, -100, -100, -100, -100, -100, -100, -100, -100, -100, -100, -100, -100, -100, -100, -100, -100, -100, -100, -100, -100, -100, -100, -100, -100, -100, -100, -100, -100, -100, -100, -100, -100, -100, -100, -100, -100, -100, -100, -100, -100, -100, -100, -100, -100, -100, -100, -100, -100, -100, -100, -100, -100, -100, -100, -100, -100, -100, -100, -100, -100, -100, -100, -100, -100, -100, -100, -100, -100, -100, -100, -100, -100, -100, -100, -100, -100, -100, -100, -100, -100, -100, -100, -100, -100, -100, -100, -100, -100, -100, -100, -100, -100, -100, -100, -100, -100, -100, -100, -100, -100, -100, -100, -100, -100, -100, -100, -100, -100, -100, -100, -100, -100, -100, -100, -100, -100, -100, -100, -100, -100, -100, -100, -100, -100, -100, -100, -100, -100, -100, -100, -100, -100, -100, -100, -100, -100, -100, -100, -100, -100, -100, -100, -100, -100, -100, -100, -100, -100, -100, -100, -100, -100, -100, -100, -100, -100, -100, -100, -100, -100, -100, -100, -100, -100, -100, -100, -100, -100, -100, -100, -100, -100, -100, -100, -100, -100, -100, -100, -100, -100, -100, -100, -100, -100, -100, -100, -100, -100, -100, -100, -100, -100, -100, -100, -100, 99, -100, -100, 29, -100, -100, -100, 83, 59, 34, -100]
Decoded Input:    UNIT_PROPAGATION_BEGIN READ_CLAUSES READ_BEGIN [ -x15 -x17 -x25 ] [ -x4 x25 x8 ] [ x4 x8 x25 ] [ -x8 -x13 -x17 ] [ x14 x4 -x13 ] [ -x14 -x25 x15 ] [ x4 x15 -x24 ] [ x9 -x8 -x6 ] [ -x4 x15 x14 ] [ x14 -x8 -x24 ] [ x25 x9 x15 ] [ x15 -x9 x12 ] [ x14 -x6 x12 ] [ -x15 x24 -x9 ] [ x24 x15 x25 ] [ x13 x8 -x24 ] [ -x6 x4 -x9 ] [ x14 -x13 -x12 ] [ x15 -x13 -x8 ] [ x6 -x4 x17 ] [ x25 x14 -x17 ] [ x14 x9 -x13 ] [ x4 x17 -x13 ] [ -x24 x25 x4 ] [ -x14 x17 -x4 ] [ x13 x17 -x6 ] [ -x24 x4 -x14 ] [ x17 x4 -x14 ] [ x14 -x12 x9 ] [ -x14 -x4 x17 ] [ x9 -x14 -x12 ] [ -x15 -x14 x8 ] [ -x17 -x6 x13 ] [ x8 x12 x13 ] [ x12 x14 -x24 ] [ -x4 x6 x17 ] [ -x14 -x24 x8 ] [ x15 -x14 -x12 ] [ -x8 x4 -x25 ] [ -x12 -x25 x17 ] [ -x8 x12 x24 ] [ -x14 x24 -x17 ] [ x6 -x13 x4 ] [ x15 x13 -x8 ] [ x8 -x15 x25 ] [ x15 -x14 x9 ] [ -x14 -x6 -x13 ] [ x8 x13 -x6 ] [ x13 x6 -x9 ] [ x4 x12 -x6 ] [ -x15 -x13 x12 ] [ x15 x12 -x13 ] READ_END READ_LEARNED_CLAUSES READ_BEGIN READ_END READ_ASSIGNMENTS READ_BEGIN -x4 READ_END PROPAGATED 0 UNIT_PROPAGATION_END
Decoded Labels:   READ_CLAUSES READ_LEARNED_CLAUSES READ_ASSIGNMENTS PROPAGATED 0 UNIT_PROPAGATION_END
[VAL] Mean: 325.56, Min: 82, Max: 1861
Saved token length histogram: /scratch.ssd/koutefra/job_10437158.pbs-m1/NeuralCDCL/data/token_lengths_val.png

--- Debug info for split: test ---

Example 1:
Input IDs:        [42, 81, 76, 55, 37, 31, 96, 1, 55, 58, 22, 31, 1, 55, 96, 94, 19, 1, 55, 31, 27, 47, 1, 55, 10, 65, 47, 1, 55, 90, 27, 19, 1, 55, 101, 73, 80, 1, 55, 58, 37, 94, 1, 55, 47, 30, 80, 1, 55, 73, 30, 27, 1, 55, 19, 22, 10, 1, 55, 31, 47, 90, 1, 55, 19, 12, 65, 1, 55, 80, 19, 37, 1, 55, 37, 19, 80, 1, 55, 96, 19, 22, 1, 55, 65, 19, 47, 1, 55, 12, 30, 58, 1, 55, 10, 27, 90, 1, 55, 94, 74, 10, 1, 55, 19, 80, 31, 1, 55, 101, 47, 58, 1, 55, 30, 27, 37, 1, 55, 74, 73, 96, 1, 55, 37, 65, 47, 1, 55, 30, 80, 101, 1, 55, 10, 19, 47, 1, 55, 90, 22, 73, 1, 55, 74, 30, 47, 1, 55, 94, 12, 22, 1, 55, 80, 19, 101, 1, 55, 101, 22, 94, 1, 55, 90, 30, 73, 1, 55, 19, 94, 90, 1, 55, 58, 94, 31, 1, 55, 96, 101, 30, 1, 55, 73, 94, 27, 1, 55, 37, 22, 58, 1, 55, 65, 37, 73, 1, 55, 80, 65, 27, 1, 55, 37, 10, 12, 1, 55, 37, 12, 101, 1, 55, 101, 80, 27, 1, 55, 31, 47, 30, 1, 55, 101, 22, 74, 1, 55, 73, 31, 47, 1, 55, 73, 65, 12, 1, 25, 3, 29, 76, 25, 40, 67, 64, 64, 64, 64, 64, 64, 64, 64, 64, 82, 18, 101, 17, 2, 18, 64, 17, 89, 18, 41, 17, 9, 3, 29, 76, 101, 25, 40, 64, 67, 64, 64, 64, 64, 64, 64, 64, 64, 64, 82, 18, 47, 17, 2, 18, 64, 64, 17, 89, 18, 41, 17, 9, 3, 29, 76, 101, 47, 37, 25, 40, 64, 64, 64, 67, 64, 64, 64, 64, 64, 64, 64, 64, 64, 82, 18, 22, 17, 2, 18, 64, 64, 64, 17, 89, 18, 41, 17, 9, 3, 32, 76, 64, 64, 64, 25, 21, 62, 59, 100, 56, 3, 32, 76, 64, 64, 25, 21, 62, 59, 100, 56, 3, 32, 76, 64, 25, 21, 62, 59, 100, 56, 3, 29, 76, 31, 25, 40, 64, 67, 64, 64, 64, 64, 64, 64, 64, 64, 64, 82, 18, 96, 17, 2, 18, 64, 17, 89, 18, 41, 17, 9, 3, 32, 76, 64, 25, 21, 62, 59, 100, 56, 3, 32, 76, 25, 21, 62, 53, 62, 23]
Attention Mask:   [1, 1, 1, 1, 1, 1, 1, 1, 1, 1, 1, 1, 1, 1, 1, 1, 1, 1, 1, 1, 1, 1, 1, 1, 1, 1, 1, 1, 1, 1, 1, 1, 1, 1, 1, 1, 1, 1, 1, 1, 1, 1, 1, 1, 1, 1, 1, 1, 1, 1, 1, 1, 1, 1, 1, 1, 1, 1, 1, 1, 1, 1, 1, 1, 1, 1, 1, 1, 1, 1, 1, 1, 1, 1, 1, 1, 1, 1, 1, 1, 1, 1, 1, 1, 1, 1, 1, 1, 1, 1, 1, 1, 1, 1, 1, 1, 1, 1, 1, 1, 1, 1, 1, 1, 1, 1, 1, 1, 1, 1, 1, 1, 1, 1, 1, 1, 1, 1, 1, 1, 1, 1, 1, 1, 1, 1, 1, 1, 1, 1, 1, 1, 1, 1, 1, 1, 1, 1, 1, 1, 1, 1, 1, 1, 1, 1, 1, 1, 1, 1, 1, 1, 1, 1, 1, 1, 1, 1, 1, 1, 1, 1, 1, 1, 1, 1, 1, 1, 1, 1, 1, 1, 1, 1, 1, 1, 1, 1, 1, 1, 1, 1, 1, 1, 1, 1, 1, 1, 1, 1, 1, 1, 1, 1, 1, 1, 1, 1, 1, 1, 1, 1, 1, 1, 1, 1, 1, 1, 1, 1, 1, 1, 1, 1, 1, 1, 1, 1, 1, 1, 1, 1, 1, 1, 1, 1, 1, 1, 1, 1, 1, 1, 1, 1, 1, 1, 1, 1, 1, 1, 1, 1, 1, 1, 1, 1, 1, 1, 1, 1, 1, 1, 1, 1, 1, 1, 1, 1, 1, 1, 1, 1, 1, 1, 1, 1, 1, 1, 1, 1, 1, 1, 1, 1, 1, 1, 1, 1, 1, 1, 1, 1, 1, 1, 1, 1, 1, 1, 1, 1, 1, 1, 1, 1, 1, 1, 1, 1, 1, 1, 1, 1, 1, 1, 1, 1, 1, 1, 1, 1, 1, 1, 1, 1, 1, 1, 1, 1, 1, 1, 1, 1, 1, 1, 1, 1, 1, 1, 1, 1, 1, 1, 1, 1, 1, 1, 1, 1, 1, 1, 1, 1, 1, 1, 1, 1, 1, 1, 1, 1, 1, 1, 1, 1, 1, 1, 1, 1, 1, 1, 1, 1, 1, 1, 1, 1, 1, 1, 1, 1, 1, 1, 1, 1, 1, 1, 1, 1, 1, 1, 1, 1, 1, 1, 1, 1, 1, 1, 1, 1, 1, 1, 1, 1, 1, 1, 1, 1, 1, 1, 1, 1, 1, 1, 1, 1, 1, 1, 1, 1, 1, 1, 1, 1, 1, 1]
Labels:           [81, -100, -100, -100, -100, -100, -100, -100, -100, -100, -100, -100, -100, -100, -100, -100, -100, -100, -100, -100, -100, -100, -100, -100, -100, -100, -100, -100, -100, -100, -100, -100, -100, -100, -100, -100, -100, -100, -100, -100, -100, -100, -100, -100, -100, -100, -100, -100, -100, -100, -100, -100, -100, -100, -100, -100, -100, -100, -100, -100, -100, -100, -100, -100, -100, -100, -100, -100, -100, -100, -100, -100, -100, -100, -100, -100, -100, -100, -100, -100, -100, -100, -100, -100, -100, -100, -100, -100, -100, -100, -100, -100, -100, -100, -100, -100, -100, -100, -100, -100, -100, -100, -100, -100, -100, -100, -100, -100, -100, -100, -100, -100, -100, -100, -100, -100, -100, -100, -100, -100, -100, -100, -100, -100, -100, -100, -100, -100, -100, -100, -100, -100, -100, -100, -100, -100, -100, -100, -100, -100, -100, -100, -100, -100, -100, -100, -100, -100, -100, -100, -100, -100, -100, -100, -100, -100, -100, -100, -100, -100, -100, -100, -100, -100, -100, -100, -100, -100, -100, -100, -100, -100, -100, -100, -100, -100, -100, -100, -100, -100, -100, -100, -100, -100, -100, -100, -100, -100, -100, -100, -100, -100, -100, -100, -100, -100, -100, -100, -100, -100, -100, -100, -100, -100, -100, -100, -100, -100, -100, -100, -100, -100, -100, -100, -100, -100, -100, -100, -100, -100, -100, -100, -100, -100, -100, -100, -100, -100, -100, -100, -100, -100, -100, -100, -100, -100, -100, -100, 3, 29, -100, -100, 40, 67, 64, 64, 64, 64, 64, 64, 64, 64, 64, 82, 18, 101, 17, 2, 18, 64, 17, 89, 18, 41, 17, 9, 3, 29, -100, -100, -100, 40, 64, 67, 64, 64, 64, 64, 64, 64, 64, 64, 64, 82, 18, 47, 17, 2, 18, 64, 64, 17, 89, 18, 41, 17, 9, 3, 29, -100, -100, -100, -100, -100, 40, 64, 64, 64, 67, 64, 64, 64, 64, 64, 64, 64, 64, 64, 82, 18, 22, 17, 2, 18, 64, 64, 64, 17, 89, 18, 41, 17, 9, 3, 32, -100, -100, -100, -100, -100, 21, 62, 59, 100, 56, 3, 32, -100, -100, -100, -100, 21, 62, 59, 100, 56, 3, 32, -100, -100, -100, 21, 62, 59, 100, 56, 3, 29, -100, -100, -100, 40, 64, 67, 64, 64, 64, 64, 64, 64, 64, 64, 64, 82, 18, 96, 17, 2, 18, 64, 17, 89, 18, 41, 17, 9, 3, 32, -100, -100, -100, 21, 62, 59, 100, 56, 3, 32, -100, -100, 21, 62, 53, 62, 23, -100]
Decoded Input:    SOLVE_BEGIN READ_CLAUSES READ_BEGIN [ -x24 -x1 -x2 ] [ -x4 x3 -x1 ] [ -x2 -x19 x17 ] [ -x1 x9 x2 ] [ x20 x19 x2 ] [ x24 x9 x17 ] [ x1 x4 -x20 ] [ -x4 -x24 -x19 ] [ x2 -x3 -x20 ] [ x4 -x3 x9 ] [ x17 x3 x20 ] [ -x1 x2 x24 ] [ x17 -x9 x19 ] [ -x20 x17 -x24 ] [ -x24 x17 -x20 ] [ -x2 x17 x3 ] [ x19 x17 x2 ] [ -x9 -x3 -x4 ] [ x20 x9 x24 ] [ -x19 -x17 x20 ] [ x17 -x20 -x1 ] [ x1 x2 -x4 ] [ -x3 x9 -x24 ] [ -x17 x4 -x2 ] [ -x24 x19 x2 ] [ -x3 -x20 x1 ] [ x20 x17 x2 ] [ x24 x3 x4 ] [ -x17 -x3 x2 ] [ -x19 -x9 x3 ] [ -x20 x17 x1 ] [ x1 x3 -x19 ] [ x24 -x3 x4 ] [ x17 -x19 x24 ] [ -x4 -x19 -x1 ] [ -x2 x1 -x3 ] [ x4 -x19 x9 ] [ -x24 x3 -x4 ] [ x19 -x24 x4 ] [ -x20 x19 x9 ] [ -x24 x20 -x9 ] [ -x24 -x9 x1 ] [ x1 -x20 x9 ] [ -x1 x2 -x3 ] [ x1 x3 -x17 ] [ x4 -x1 x2 ] [ x4 x19 -x9 ] READ_END CALL_UNIT_PROPAGATION READ_ASSIGNMENTS READ_BEGIN READ_END N_VARS_ASSIGNED N_VARS_TOTAL I I I I I I I I I WRITE_ASSIGNMENTS WRITE_BEGIN x1 WRITE_END WRITE_DECISION_LEVELS WRITE_BEGIN I WRITE_END WRITE_REASON_CLAUSES WRITE_BEGIN None WRITE_END LEVEL_UP CALL_UNIT_PROPAGATION READ_ASSIGNMENTS READ_BEGIN x1 READ_END N_VARS_ASSIGNED I N_VARS_TOTAL I I I I I I I I I WRITE_ASSIGNMENTS WRITE_BEGIN x2 WRITE_END WRITE_DECISION_LEVELS WRITE_BEGIN I I WRITE_END WRITE_REASON_CLAUSES WRITE_BEGIN None WRITE_END LEVEL_UP CALL_UNIT_PROPAGATION READ_ASSIGNMENTS READ_BEGIN x1 x2 -x24 READ_END N_VARS_ASSIGNED I I I N_VARS_TOTAL I I I I I I I I I WRITE_ASSIGNMENTS WRITE_BEGIN x3 WRITE_END WRITE_DECISION_LEVELS WRITE_BEGIN I I I WRITE_END WRITE_REASON_CLAUSES WRITE_BEGIN None WRITE_END LEVEL_UP CALL_UNIT_PROPAGATION READ_LEVEL READ_BEGIN I I I READ_END IS UNSAT 0 CALL_ANALYZE_CONFLICT BACKTRACK CALL_UNIT_PROPAGATION READ_LEVEL READ_BEGIN I I READ_END IS UNSAT 0 CALL_ANALYZE_CONFLICT BACKTRACK CALL_UNIT_PROPAGATION READ_LEVEL READ_BEGIN I READ_END IS UNSAT 0 CALL_ANALYZE_CONFLICT BACKTRACK CALL_UNIT_PROPAGATION READ_ASSIGNMENTS READ_BEGIN -x1 READ_END N_VARS_ASSIGNED I N_VARS_TOTAL I I I I I I I I I WRITE_ASSIGNMENTS WRITE_BEGIN -x2 WRITE_END WRITE_DECISION_LEVELS WRITE_BEGIN I WRITE_END WRITE_REASON_CLAUSES WRITE_BEGIN None WRITE_END LEVEL_UP CALL_UNIT_PROPAGATION READ_LEVEL READ_BEGIN I READ_END IS UNSAT 0 CALL_ANALYZE_CONFLICT BACKTRACK CALL_UNIT_PROPAGATION READ_LEVEL READ_BEGIN READ_END IS UNSAT 1 UNSAT SOLVE_END
Decoded Labels:   READ_CLAUSES CALL_UNIT_PROPAGATION READ_ASSIGNMENTS N_VARS_ASSIGNED N_VARS_TOTAL I I I I I I I I I WRITE_ASSIGNMENTS WRITE_BEGIN x1 WRITE_END WRITE_DECISION_LEVELS WRITE_BEGIN I WRITE_END WRITE_REASON_CLAUSES WRITE_BEGIN None WRITE_END LEVEL_UP CALL_UNIT_PROPAGATION READ_ASSIGNMENTS N_VARS_ASSIGNED I N_VARS_TOTAL I I I I I I I I I WRITE_ASSIGNMENTS WRITE_BEGIN x2 WRITE_END WRITE_DECISION_LEVELS WRITE_BEGIN I I WRITE_END WRITE_REASON_CLAUSES WRITE_BEGIN None WRITE_END LEVEL_UP CALL_UNIT_PROPAGATION READ_ASSIGNMENTS N_VARS_ASSIGNED I I I N_VARS_TOTAL I I I I I I I I I WRITE_ASSIGNMENTS WRITE_BEGIN x3 WRITE_END WRITE_DECISION_LEVELS WRITE_BEGIN I I I WRITE_END WRITE_REASON_CLAUSES WRITE_BEGIN None WRITE_END LEVEL_UP CALL_UNIT_PROPAGATION READ_LEVEL IS UNSAT 0 CALL_ANALYZE_CONFLICT BACKTRACK CALL_UNIT_PROPAGATION READ_LEVEL IS UNSAT 0 CALL_ANALYZE_CONFLICT BACKTRACK CALL_UNIT_PROPAGATION READ_LEVEL IS UNSAT 0 CALL_ANALYZE_CONFLICT BACKTRACK CALL_UNIT_PROPAGATION READ_ASSIGNMENTS N_VARS_ASSIGNED I N_VARS_TOTAL I I I I I I I I I WRITE_ASSIGNMENTS WRITE_BEGIN -x2 WRITE_END WRITE_DECISION_LEVELS WRITE_BEGIN I WRITE_END WRITE_REASON_CLAUSES WRITE_BEGIN None WRITE_END LEVEL_UP CALL_UNIT_PROPAGATION READ_LEVEL IS UNSAT 0 CALL_ANALYZE_CONFLICT BACKTRACK CALL_UNIT_PROPAGATION READ_LEVEL IS UNSAT 1 UNSAT SOLVE_END

Example 2:
Input IDs:        [0, 81, 76, 55, 37, 31, 96, 1, 55, 58, 22, 31, 1, 55, 96, 94, 19, 1, 55, 31, 27, 47, 1, 55, 10, 65, 47, 1, 55, 90, 27, 19, 1, 55, 101, 73, 80, 1, 55, 58, 37, 94, 1, 55, 47, 30, 80, 1, 55, 73, 30, 27, 1, 55, 19, 22, 10, 1, 55, 31, 47, 90, 1, 55, 19, 12, 65, 1, 55, 80, 19, 37, 1, 55, 37, 19, 80, 1, 55, 96, 19, 22, 1, 55, 65, 19, 47, 1, 55, 12, 30, 58, 1, 55, 10, 27, 90, 1, 55, 94, 74, 10, 1, 55, 19, 80, 31, 1, 55, 101, 47, 58, 1, 55, 30, 27, 37, 1, 55, 74, 73, 96, 1, 55, 37, 65, 47, 1, 55, 30, 80, 101, 1, 55, 10, 19, 47, 1, 55, 90, 22, 73, 1, 55, 74, 30, 47, 1, 55, 94, 12, 22, 1, 55, 80, 19, 101, 1, 55, 101, 22, 94, 1, 55, 90, 30, 73, 1, 55, 19, 94, 90, 1, 55, 58, 94, 31, 1, 55, 96, 101, 30, 1, 55, 73, 94, 27, 1, 55, 37, 22, 58, 1, 55, 65, 37, 73, 1, 55, 80, 65, 27, 1, 55, 37, 10, 12, 1, 55, 37, 12, 101, 1, 55, 101, 80, 27, 1, 55, 31, 47, 30, 1, 55, 101, 22, 74, 1, 55, 73, 31, 47, 1, 55, 73, 65, 12, 1, 25, 99, 76, 25, 29, 76, 25, 83, 59, 34]
Attention Mask:   [1, 1, 1, 1, 1, 1, 1, 1, 1, 1, 1, 1, 1, 1, 1, 1, 1, 1, 1, 1, 1, 1, 1, 1, 1, 1, 1, 1, 1, 1, 1, 1, 1, 1, 1, 1, 1, 1, 1, 1, 1, 1, 1, 1, 1, 1, 1, 1, 1, 1, 1, 1, 1, 1, 1, 1, 1, 1, 1, 1, 1, 1, 1, 1, 1, 1, 1, 1, 1, 1, 1, 1, 1, 1, 1, 1, 1, 1, 1, 1, 1, 1, 1, 1, 1, 1, 1, 1, 1, 1, 1, 1, 1, 1, 1, 1, 1, 1, 1, 1, 1, 1, 1, 1, 1, 1, 1, 1, 1, 1, 1, 1, 1, 1, 1, 1, 1, 1, 1, 1, 1, 1, 1, 1, 1, 1, 1, 1, 1, 1, 1, 1, 1, 1, 1, 1, 1, 1, 1, 1, 1, 1, 1, 1, 1, 1, 1, 1, 1, 1, 1, 1, 1, 1, 1, 1, 1, 1, 1, 1, 1, 1, 1, 1, 1, 1, 1, 1, 1, 1, 1, 1, 1, 1, 1, 1, 1, 1, 1, 1, 1, 1, 1, 1, 1, 1, 1, 1, 1, 1, 1, 1, 1, 1, 1, 1, 1, 1, 1, 1, 1, 1, 1, 1, 1, 1, 1, 1, 1, 1, 1, 1, 1, 1, 1, 1, 1, 1, 1, 1, 1, 1, 1, 1, 1, 1, 1, 1, 1, 1, 1, 1, 1, 1, 1, 1, 1, 1, 1, 1, 1, 1, 1, 1, 1, 1, 1, 1]
Labels:           [81, -100, -100, -100, -100, -100, -100, -100, -100, -100, -100, -100, -100, -100, -100, -100, -100, -100, -100, -100, -100, -100, -100, -100, -100, -100, -100, -100, -100, -100, -100, -100, -100, -100, -100, -100, -100, -100, -100, -100, -100, -100, -100, -100, -100, -100, -100, -100, -100, -100, -100, -100, -100, -100, -100, -100, -100, -100, -100, -100, -100, -100, -100, -100, -100, -100, -100, -100, -100, -100, -100, -100, -100, -100, -100, -100, -100, -100, -100, -100, -100, -100, -100, -100, -100, -100, -100, -100, -100, -100, -100, -100, -100, -100, -100, -100, -100, -100, -100, -100, -100, -100, -100, -100, -100, -100, -100, -100, -100, -100, -100, -100, -100, -100, -100, -100, -100, -100, -100, -100, -100, -100, -100, -100, -100, -100, -100, -100, -100, -100, -100, -100, -100, -100, -100, -100, -100, -100, -100, -100, -100, -100, -100, -100, -100, -100, -100, -100, -100, -100, -100, -100, -100, -100, -100, -100, -100, -100, -100, -100, -100, -100, -100, -100, -100, -100, -100, -100, -100, -100, -100, -100, -100, -100, -100, -100, -100, -100, -100, -100, -100, -100, -100, -100, -100, -100, -100, -100, -100, -100, -100, -100, -100, -100, -100, -100, -100, -100, -100, -100, -100, -100, -100, -100, -100, -100, -100, -100, -100, -100, -100, -100, -100, -100, -100, -100, -100, -100, -100, -100, -100, -100, -100, -100, -100, -100, -100, -100, -100, -100, -100, -100, -100, -100, -100, -100, -100, -100, 99, -100, -100, 29, -100, -100, 83, 59, 34, -100]
Decoded Input:    UNIT_PROPAGATION_BEGIN READ_CLAUSES READ_BEGIN [ -x24 -x1 -x2 ] [ -x4 x3 -x1 ] [ -x2 -x19 x17 ] [ -x1 x9 x2 ] [ x20 x19 x2 ] [ x24 x9 x17 ] [ x1 x4 -x20 ] [ -x4 -x24 -x19 ] [ x2 -x3 -x20 ] [ x4 -x3 x9 ] [ x17 x3 x20 ] [ -x1 x2 x24 ] [ x17 -x9 x19 ] [ -x20 x17 -x24 ] [ -x24 x17 -x20 ] [ -x2 x17 x3 ] [ x19 x17 x2 ] [ -x9 -x3 -x4 ] [ x20 x9 x24 ] [ -x19 -x17 x20 ] [ x17 -x20 -x1 ] [ x1 x2 -x4 ] [ -x3 x9 -x24 ] [ -x17 x4 -x2 ] [ -x24 x19 x2 ] [ -x3 -x20 x1 ] [ x20 x17 x2 ] [ x24 x3 x4 ] [ -x17 -x3 x2 ] [ -x19 -x9 x3 ] [ -x20 x17 x1 ] [ x1 x3 -x19 ] [ x24 -x3 x4 ] [ x17 -x19 x24 ] [ -x4 -x19 -x1 ] [ -x2 x1 -x3 ] [ x4 -x19 x9 ] [ -x24 x3 -x4 ] [ x19 -x24 x4 ] [ -x20 x19 x9 ] [ -x24 x20 -x9 ] [ -x24 -x9 x1 ] [ x1 -x20 x9 ] [ -x1 x2 -x3 ] [ x1 x3 -x17 ] [ x4 -x1 x2 ] [ x4 x19 -x9 ] READ_END READ_LEARNED_CLAUSES READ_BEGIN READ_END READ_ASSIGNMENTS READ_BEGIN READ_END PROPAGATED 0 UNIT_PROPAGATION_END
Decoded Labels:   READ_CLAUSES READ_LEARNED_CLAUSES READ_ASSIGNMENTS PROPAGATED 0 UNIT_PROPAGATION_END

Example 3:
Input IDs:        [0, 81, 76, 55, 37, 31, 96, 1, 55, 58, 22, 31, 1, 55, 96, 94, 19, 1, 55, 31, 27, 47, 1, 55, 10, 65, 47, 1, 55, 90, 27, 19, 1, 55, 101, 73, 80, 1, 55, 58, 37, 94, 1, 55, 47, 30, 80, 1, 55, 73, 30, 27, 1, 55, 19, 22, 10, 1, 55, 31, 47, 90, 1, 55, 19, 12, 65, 1, 55, 80, 19, 37, 1, 55, 37, 19, 80, 1, 55, 96, 19, 22, 1, 55, 65, 19, 47, 1, 55, 12, 30, 58, 1, 55, 10, 27, 90, 1, 55, 94, 74, 10, 1, 55, 19, 80, 31, 1, 55, 101, 47, 58, 1, 55, 30, 27, 37, 1, 55, 74, 73, 96, 1, 55, 37, 65, 47, 1, 55, 30, 80, 101, 1, 55, 10, 19, 47, 1, 55, 90, 22, 73, 1, 55, 74, 30, 47, 1, 55, 94, 12, 22, 1, 55, 80, 19, 101, 1, 55, 101, 22, 94, 1, 55, 90, 30, 73, 1, 55, 19, 94, 90, 1, 55, 58, 94, 31, 1, 55, 96, 101, 30, 1, 55, 73, 94, 27, 1, 55, 37, 22, 58, 1, 55, 65, 37, 73, 1, 55, 80, 65, 27, 1, 55, 37, 10, 12, 1, 55, 37, 12, 101, 1, 55, 101, 80, 27, 1, 55, 31, 47, 30, 1, 55, 101, 22, 74, 1, 55, 73, 31, 47, 1, 55, 73, 65, 12, 1, 25, 99, 76, 25, 29, 76, 101, 25, 83, 59, 34]
Attention Mask:   [1, 1, 1, 1, 1, 1, 1, 1, 1, 1, 1, 1, 1, 1, 1, 1, 1, 1, 1, 1, 1, 1, 1, 1, 1, 1, 1, 1, 1, 1, 1, 1, 1, 1, 1, 1, 1, 1, 1, 1, 1, 1, 1, 1, 1, 1, 1, 1, 1, 1, 1, 1, 1, 1, 1, 1, 1, 1, 1, 1, 1, 1, 1, 1, 1, 1, 1, 1, 1, 1, 1, 1, 1, 1, 1, 1, 1, 1, 1, 1, 1, 1, 1, 1, 1, 1, 1, 1, 1, 1, 1, 1, 1, 1, 1, 1, 1, 1, 1, 1, 1, 1, 1, 1, 1, 1, 1, 1, 1, 1, 1, 1, 1, 1, 1, 1, 1, 1, 1, 1, 1, 1, 1, 1, 1, 1, 1, 1, 1, 1, 1, 1, 1, 1, 1, 1, 1, 1, 1, 1, 1, 1, 1, 1, 1, 1, 1, 1, 1, 1, 1, 1, 1, 1, 1, 1, 1, 1, 1, 1, 1, 1, 1, 1, 1, 1, 1, 1, 1, 1, 1, 1, 1, 1, 1, 1, 1, 1, 1, 1, 1, 1, 1, 1, 1, 1, 1, 1, 1, 1, 1, 1, 1, 1, 1, 1, 1, 1, 1, 1, 1, 1, 1, 1, 1, 1, 1, 1, 1, 1, 1, 1, 1, 1, 1, 1, 1, 1, 1, 1, 1, 1, 1, 1, 1, 1, 1, 1, 1, 1, 1, 1, 1, 1, 1, 1, 1, 1, 1, 1, 1, 1, 1, 1, 1, 1, 1, 1, 1]
Labels:           [81, -100, -100, -100, -100, -100, -100, -100, -100, -100, -100, -100, -100, -100, -100, -100, -100, -100, -100, -100, -100, -100, -100, -100, -100, -100, -100, -100, -100, -100, -100, -100, -100, -100, -100, -100, -100, -100, -100, -100, -100, -100, -100, -100, -100, -100, -100, -100, -100, -100, -100, -100, -100, -100, -100, -100, -100, -100, -100, -100, -100, -100, -100, -100, -100, -100, -100, -100, -100, -100, -100, -100, -100, -100, -100, -100, -100, -100, -100, -100, -100, -100, -100, -100, -100, -100, -100, -100, -100, -100, -100, -100, -100, -100, -100, -100, -100, -100, -100, -100, -100, -100, -100, -100, -100, -100, -100, -100, -100, -100, -100, -100, -100, -100, -100, -100, -100, -100, -100, -100, -100, -100, -100, -100, -100, -100, -100, -100, -100, -100, -100, -100, -100, -100, -100, -100, -100, -100, -100, -100, -100, -100, -100, -100, -100, -100, -100, -100, -100, -100, -100, -100, -100, -100, -100, -100, -100, -100, -100, -100, -100, -100, -100, -100, -100, -100, -100, -100, -100, -100, -100, -100, -100, -100, -100, -100, -100, -100, -100, -100, -100, -100, -100, -100, -100, -100, -100, -100, -100, -100, -100, -100, -100, -100, -100, -100, -100, -100, -100, -100, -100, -100, -100, -100, -100, -100, -100, -100, -100, -100, -100, -100, -100, -100, -100, -100, -100, -100, -100, -100, -100, -100, -100, -100, -100, -100, -100, -100, -100, -100, -100, -100, -100, -100, -100, -100, -100, -100, 99, -100, -100, 29, -100, -100, -100, 83, 59, 34, -100]
Decoded Input:    UNIT_PROPAGATION_BEGIN READ_CLAUSES READ_BEGIN [ -x24 -x1 -x2 ] [ -x4 x3 -x1 ] [ -x2 -x19 x17 ] [ -x1 x9 x2 ] [ x20 x19 x2 ] [ x24 x9 x17 ] [ x1 x4 -x20 ] [ -x4 -x24 -x19 ] [ x2 -x3 -x20 ] [ x4 -x3 x9 ] [ x17 x3 x20 ] [ -x1 x2 x24 ] [ x17 -x9 x19 ] [ -x20 x17 -x24 ] [ -x24 x17 -x20 ] [ -x2 x17 x3 ] [ x19 x17 x2 ] [ -x9 -x3 -x4 ] [ x20 x9 x24 ] [ -x19 -x17 x20 ] [ x17 -x20 -x1 ] [ x1 x2 -x4 ] [ -x3 x9 -x24 ] [ -x17 x4 -x2 ] [ -x24 x19 x2 ] [ -x3 -x20 x1 ] [ x20 x17 x2 ] [ x24 x3 x4 ] [ -x17 -x3 x2 ] [ -x19 -x9 x3 ] [ -x20 x17 x1 ] [ x1 x3 -x19 ] [ x24 -x3 x4 ] [ x17 -x19 x24 ] [ -x4 -x19 -x1 ] [ -x2 x1 -x3 ] [ x4 -x19 x9 ] [ -x24 x3 -x4 ] [ x19 -x24 x4 ] [ -x20 x19 x9 ] [ -x24 x20 -x9 ] [ -x24 -x9 x1 ] [ x1 -x20 x9 ] [ -x1 x2 -x3 ] [ x1 x3 -x17 ] [ x4 -x1 x2 ] [ x4 x19 -x9 ] READ_END READ_LEARNED_CLAUSES READ_BEGIN READ_END READ_ASSIGNMENTS READ_BEGIN x1 READ_END PROPAGATED 0 UNIT_PROPAGATION_END
Decoded Labels:   READ_CLAUSES READ_LEARNED_CLAUSES READ_ASSIGNMENTS PROPAGATED 0 UNIT_PROPAGATION_END
[TEST] Mean: 324.38, Min: 82, Max: 1508
Saved token length histogram: /scratch.ssd/koutefra/job_10437158.pbs-m1/NeuralCDCL/data/token_lengths_test.png

--- Debug info for split: ood ---

Example 1:
Input IDs:        [42, 81, 76, 55, 94, 58, 16, 1, 55, 20, 48, 52, 1, 55, 70, 10, 71, 1, 55, 65, 27, 77, 1, 55, 90, 45, 94, 1, 55, 51, 73, 71, 1, 55, 48, 63, 20, 1, 55, 92, 90, 12, 1, 55, 30, 90, 63, 1, 55, 66, 75, 4, 1, 55, 52, 66, 20, 1, 55, 61, 74, 15, 1, 55, 70, 61, 92, 1, 55, 10, 52, 70, 1, 55, 77, 4, 30, 1, 55, 63, 12, 70, 1, 55, 24, 73, 88, 1, 55, 12, 30, 88, 1, 55, 77, 90, 15, 1, 55, 66, 19, 28, 1, 55, 8, 27, 30, 1, 55, 16, 10, 15, 1, 55, 75, 60, 94, 1, 55, 19, 15, 92, 1, 55, 8, 60, 66, 1, 55, 80, 86, 70, 1, 55, 16, 77, 73, 1, 55, 37, 66, 27, 1, 55, 86, 92, 10, 1, 55, 85, 74, 77, 1, 55, 71, 27, 30, 1, 55, 90, 19, 48, 1, 55, 70, 58, 12, 1, 55, 27, 92, 51, 1, 55, 48, 30, 88, 1, 55, 12, 94, 24, 1, 55, 86, 48, 92, 1, 55, 8, 74, 37, 1, 55, 86, 26, 51, 1, 55, 73, 61, 15, 1, 55, 20, 92, 58, 1, 55, 61, 45, 77, 1, 55, 12, 92, 20, 1, 55, 58, 71, 61, 1, 55, 45, 4, 51, 1, 55, 70, 86, 48, 1, 55, 30, 37, 80, 1, 55, 26, 66, 51, 1, 55, 73, 66, 92, 1, 55, 70, 66, 27, 1, 55, 24, 88, 16, 1, 55, 77, 26, 27, 1, 55, 61, 24, 97, 1, 55, 27, 26, 72, 1, 55, 4, 12, 97, 1, 55, 28, 37, 94, 1, 55, 30, 20, 63, 1, 55, 8, 90, 71, 1, 55, 90, 71, 60, 1, 55, 52, 77, 45, 1, 55, 61, 15, 52, 1, 55, 65, 51, 26, 1, 55, 80, 45, 27, 1, 55, 10, 12, 90, 1, 55, 90, 51, 92, 1, 55, 73, 26, 8, 1, 55, 8, 30, 27, 1, 55, 86, 65, 60, 1, 55, 73, 92, 71, 1, 55, 70, 52, 65, 1, 55, 52, 30, 8, 1, 55, 58, 97, 20, 1, 55, 8, 74, 66, 1, 55, 8, 92, 19, 1, 55, 22, 61, 26, 1, 55, 70, 51, 26, 1, 55, 28, 52, 73, 1, 55, 94, 37, 73, 1, 55, 28, 20, 48, 1, 55, 10, 73, 63, 1, 55, 37, 86, 26, 1, 55, 51, 45, 48, 1, 55, 90, 66, 58, 1, 55, 58, 22, 61, 1, 55, 75, 10, 8, 1, 55, 45, 74, 72, 1, 55, 10, 52, 19, 1, 55, 60, 4, 19, 1, 55, 70, 85, 88, 1, 55, 92, 52, 37, 1, 55, 77, 4, 8, 1, 55, 77, 74, 48, 1, 55, 19, 58, 90, 1, 55, 60, 26, 77, 1, 55, 16, 66, 15, 1, 55, 92, 28, 90, 1, 25, 3, 29, 76, 25, 40, 67, 64, 64, 64, 64, 64, 64, 64, 64, 64, 64, 64, 64, 64, 64, 64, 64, 64, 64, 64, 64, 82, 18, 22, 17, 2, 18, 64, 17, 89, 18, 41, 17, 9, 3, 29, 76, 22, 25, 40, 64, 67, 64, 64, 64, 64, 64, 64, 64, 64, 64, 64, 64, 64, 64, 64, 64, 64, 64, 64, 64, 64, 82, 18, 58, 17, 2, 18, 64, 64, 17, 89, 18, 41, 17, 9, 3, 29, 76, 22, 58, 25, 40, 64, 64, 67, 64, 64, 64, 64, 64, 64, 64, 64, 64, 64, 64, 64, 64, 64, 64, 64, 64, 64, 64, 64, 82, 18, 51, 17, 2, 18, 64, 64, 64, 17, 89, 18, 41, 17, 9, 3, 29, 76, 22, 58, 51, 25, 40, 64, 64, 64, 67, 64, 64, 64, 64, 64, 64, 64, 64, 64, 64, 64, 64, 64, 64, 64, 64, 64, 64, 64, 64, 82, 18, 48, 17, 2, 18, 64, 64, 64, 64, 17, 89, 18, 41, 17, 9, 3, 32, 76, 64, 64, 64, 64, 25, 21, 62, 59, 100, 56, 3, 32, 76, 64, 64, 25, 21, 62, 59, 100, 56, 3, 29, 76, 22, 73, 25, 40, 64, 64, 67, 64, 64, 64, 64, 64, 64, 64, 64, 64, 64, 64, 64, 64, 64, 64, 64, 64, 64, 64, 64, 82, 18, 51, 17, 2, 18, 64, 64, 17, 89, 18, 41, 17, 9, 3, 29, 76, 22, 73, 51, 25, 40, 64, 64, 64, 67, 64, 64, 64, 64, 64, 64, 64, 64, 64, 64, 64, 64, 64, 64, 64, 64, 64, 64, 64, 64, 82, 18, 61, 17, 2, 18, 64, 64, 64, 17, 89, 18, 41, 17, 9, 3, 32, 76, 64, 64, 64, 25, 21, 62, 59, 100, 56, 3, 32, 76, 64, 25, 21, 62, 59, 100, 56, 3, 29, 76, 30, 25, 40, 64, 67, 64, 64, 64, 64, 64, 64, 64, 64, 64, 64, 64, 64, 64, 64, 64, 64, 64, 64, 64, 64, 82, 18, 73, 17, 2, 18, 64, 17, 89, 18, 41, 17, 9, 3, 29, 76, 30, 73, 61, 25, 40, 64, 64, 64, 67, 64, 64, 64, 64, 64, 64, 64, 64, 64, 64, 64, 64, 64, 64, 64, 64, 64, 64, 64, 64, 82, 18, 85, 17, 2, 18, 64, 64, 17, 89, 18, 41, 17, 9, 3, 32, 76, 64, 64, 25, 21, 62, 59, 100, 56, 3, 32, 76, 64, 25, 21, 62, 59, 100, 56, 3, 29, 76, 30, 58, 25, 40, 64, 64, 67, 64, 64, 64, 64, 64, 64, 64, 64, 64, 64, 64, 64, 64, 64, 64, 64, 64, 64, 64, 64, 82, 18, 85, 17, 2, 18, 64, 17, 89, 18, 41, 17, 9, 3, 32, 76, 64, 25, 21, 62, 59, 100, 56, 3, 29, 76, 30, 58, 51, 25, 40, 64, 64, 64, 67, 64, 64, 64, 64, 64, 64, 64, 64, 64, 64, 64, 64, 64, 64, 64, 64, 64, 64, 64, 64, 82, 18, 61, 17, 2, 18, 64, 17, 89, 18, 41, 17, 9, 3, 29, 76, 30, 58, 51, 61, 25, 40, 64, 64, 64, 64, 67, 64, 64, 64, 64, 64, 64, 64, 64, 64, 64, 64, 64, 64, 64, 64, 64, 64, 64, 64, 64, 82, 18, 77, 17, 2, 18, 64, 64, 17, 89, 18, 41, 17, 9, 3, 29, 76, 30, 58, 51, 61, 77, 52, 20, 88, 86, 25, 40, 64, 64, 64, 64, 64, 64, 64, 64, 64, 67, 64, 64, 64, 64, 64, 64, 64, 64, 64, 64, 64, 64, 64, 64, 64, 64, 64, 64, 64, 64, 82, 18, 45, 17, 2, 18, 64, 64, 64, 17, 89, 18, 41, 17, 9, 3, 32, 76, 64, 64, 64, 25, 21, 62, 59, 100, 56, 3, 29, 76, 30, 58, 51, 61, 77, 52, 20, 88, 86, 66, 25, 40, 64, 64, 64, 64, 64, 64, 64, 64, 64, 64, 67, 64, 64, 64, 64, 64, 64, 64, 64, 64, 64, 64, 64, 64, 64, 64, 64, 64, 64, 64, 64, 82, 18, 27, 17, 2, 18, 64, 64, 64, 17, 89, 18, 41, 17, 9, 3, 29, 76, 30, 58, 51, 61, 77, 52, 20, 88, 86, 66, 27, 63, 4, 8, 71, 90, 10, 19, 94, 72, 25, 40, 64, 64, 64, 64, 64, 64, 64, 64, 64, 64, 64, 64, 64, 64, 64, 64, 64, 64, 64, 64, 67, 64, 64, 64, 64, 64, 64, 64, 64, 64, 64, 64, 64, 64, 64, 64, 64, 64, 64, 64, 64, 95, 23]
Attention Mask:   [1, 1, 1, 1, 1, 1, 1, 1, 1, 1, 1, 1, 1, 1, 1, 1, 1, 1, 1, 1, 1, 1, 1, 1, 1, 1, 1, 1, 1, 1, 1, 1, 1, 1, 1, 1, 1, 1, 1, 1, 1, 1, 1, 1, 1, 1, 1, 1, 1, 1, 1, 1, 1, 1, 1, 1, 1, 1, 1, 1, 1, 1, 1, 1, 1, 1, 1, 1, 1, 1, 1, 1, 1, 1, 1, 1, 1, 1, 1, 1, 1, 1, 1, 1, 1, 1, 1, 1, 1, 1, 1, 1, 1, 1, 1, 1, 1, 1, 1, 1, 1, 1, 1, 1, 1, 1, 1, 1, 1, 1, 1, 1, 1, 1, 1, 1, 1, 1, 1, 1, 1, 1, 1, 1, 1, 1, 1, 1, 1, 1, 1, 1, 1, 1, 1, 1, 1, 1, 1, 1, 1, 1, 1, 1, 1, 1, 1, 1, 1, 1, 1, 1, 1, 1, 1, 1, 1, 1, 1, 1, 1, 1, 1, 1, 1, 1, 1, 1, 1, 1, 1, 1, 1, 1, 1, 1, 1, 1, 1, 1, 1, 1, 1, 1, 1, 1, 1, 1, 1, 1, 1, 1, 1, 1, 1, 1, 1, 1, 1, 1, 1, 1, 1, 1, 1, 1, 1, 1, 1, 1, 1, 1, 1, 1, 1, 1, 1, 1, 1, 1, 1, 1, 1, 1, 1, 1, 1, 1, 1, 1, 1, 1, 1, 1, 1, 1, 1, 1, 1, 1, 1, 1, 1, 1, 1, 1, 1, 1, 1, 1, 1, 1, 1, 1, 1, 1, 1, 1, 1, 1, 1, 1, 1, 1, 1, 1, 1, 1, 1, 1, 1, 1, 1, 1, 1, 1, 1, 1, 1, 1, 1, 1, 1, 1, 1, 1, 1, 1, 1, 1, 1, 1, 1, 1, 1, 1, 1, 1, 1, 1, 1, 1, 1, 1, 1, 1, 1, 1, 1, 1, 1, 1, 1, 1, 1, 1, 1, 1, 1, 1, 1, 1, 1, 1, 1, 1, 1, 1, 1, 1, 1, 1, 1, 1, 1, 1, 1, 1, 1, 1, 1, 1, 1, 1, 1, 1, 1, 1, 1, 1, 1, 1, 1, 1, 1, 1, 1, 1, 1, 1, 1, 1, 1, 1, 1, 1, 1, 1, 1, 1, 1, 1, 1, 1, 1, 1, 1, 1, 1, 1, 1, 1, 1, 1, 1, 1, 1, 1, 1, 1, 1, 1, 1, 1, 1, 1, 1, 1, 1, 1, 1, 1, 1, 1, 1, 1, 1, 1, 1, 1, 1, 1, 1, 1, 1, 1, 1, 1, 1, 1, 1, 1, 1, 1, 1, 1, 1, 1, 1, 1, 1, 1, 1, 1, 1, 1, 1, 1, 1, 1, 1, 1, 1, 1, 1, 1, 1, 1, 1, 1, 1, 1, 1, 1, 1, 1, 1, 1, 1, 1, 1, 1, 1, 1, 1, 1, 1, 1, 1, 1, 1, 1, 1, 1, 1, 1, 1, 1, 1, 1, 1, 1, 1, 1, 1, 1, 1, 1, 1, 1, 1, 1, 1, 1, 1, 1, 1, 1, 1, 1, 1, 1, 1, 1, 1, 1, 1, 1, 1, 1, 1, 1, 1, 1, 1, 1, 1, 1, 1, 1, 1, 1, 1, 1, 1, 1, 1, 1, 1, 1, 1, 1, 1, 1, 1, 1, 1, 1, 1, 1, 1, 1, 1, 1, 1, 1, 1, 1, 1, 1, 1, 1, 1, 1, 1, 1, 1, 1, 1, 1, 1, 1, 1, 1, 1, 1, 1, 1, 1, 1, 1, 1, 1, 1, 1, 1, 1, 1, 1, 1, 1, 1, 1, 1, 1, 1, 1, 1, 1, 1, 1, 1, 1, 1, 1, 1, 1, 1, 1, 1, 1, 1, 1, 1, 1, 1, 1, 1, 1, 1, 1, 1, 1, 1, 1, 1, 1, 1, 1, 1, 1, 1, 1, 1, 1, 1, 1, 1, 1, 1, 1, 1, 1, 1, 1, 1, 1, 1, 1, 1, 1, 1, 1, 1, 1, 1, 1, 1, 1, 1, 1, 1, 1, 1, 1, 1, 1, 1, 1, 1, 1, 1, 1, 1, 1, 1, 1, 1, 1, 1, 1, 1, 1, 1, 1, 1, 1, 1, 1, 1, 1, 1, 1, 1, 1, 1, 1, 1, 1, 1, 1, 1, 1, 1, 1, 1, 1, 1, 1, 1, 1, 1, 1, 1, 1, 1, 1, 1, 1, 1, 1, 1, 1, 1, 1, 1, 1, 1, 1, 1, 1, 1, 1, 1, 1, 1, 1, 1, 1, 1, 1, 1, 1, 1, 1, 1, 1, 1, 1, 1, 1, 1, 1, 1, 1, 1, 1, 1, 1, 1, 1, 1, 1, 1, 1, 1, 1, 1, 1, 1, 1, 1, 1, 1, 1, 1, 1, 1, 1, 1, 1, 1, 1, 1, 1, 1, 1, 1, 1, 1, 1, 1, 1, 1, 1, 1, 1, 1, 1, 1, 1, 1, 1, 1, 1, 1, 1, 1, 1, 1, 1, 1, 1, 1, 1, 1, 1, 1, 1, 1, 1, 1, 1, 1, 1, 1, 1, 1, 1, 1, 1, 1, 1, 1, 1, 1, 1, 1, 1, 1, 1, 1, 1, 1, 1, 1, 1, 1, 1, 1, 1, 1, 1, 1, 1, 1, 1, 1, 1, 1, 1, 1, 1, 1, 1, 1, 1, 1, 1, 1, 1, 1, 1, 1, 1, 1, 1, 1, 1, 1, 1, 1, 1, 1, 1, 1, 1, 1, 1, 1, 1, 1, 1, 1, 1, 1, 1, 1, 1, 1, 1, 1, 1, 1, 1, 1, 1, 1, 1, 1, 1, 1, 1, 1, 1, 1, 1, 1, 1, 1, 1, 1, 1, 1, 1, 1, 1, 1, 1, 1, 1, 1, 1, 1, 1, 1, 1, 1, 1, 1, 1, 1, 1, 1, 1, 1, 1, 1, 1, 1, 1, 1, 1, 1, 1, 1, 1, 1, 1, 1, 1, 1, 1, 1, 1, 1, 1, 1, 1, 1, 1, 1, 1, 1, 1, 1, 1, 1, 1, 1, 1, 1, 1, 1, 1, 1, 1, 1, 1, 1, 1, 1, 1, 1, 1, 1, 1, 1, 1, 1, 1, 1, 1, 1, 1, 1, 1, 1, 1, 1, 1, 1, 1, 1, 1, 1, 1, 1, 1, 1, 1, 1, 1, 1, 1, 1, 1, 1, 1, 1, 1, 1, 1, 1, 1, 1, 1, 1, 1, 1, 1, 1, 1, 1, 1, 1, 1, 1, 1, 1, 1, 1, 1, 1, 1, 1, 1, 1, 1, 1, 1, 1, 1, 1, 1, 1, 1, 1, 1, 1, 1, 1, 1, 1, 1, 1, 1, 1, 1, 1, 1, 1, 1, 1, 1, 1, 1, 1, 1, 1, 1, 1, 1, 1, 1, 1, 1, 1, 1, 1, 1, 1, 1, 1, 1, 1, 1, 1, 1, 1, 1, 1, 1, 1, 1, 1, 1, 1, 1, 1, 1, 1, 1, 1, 1, 1, 1, 1, 1, 1, 1, 1, 1, 1, 1, 1, 1, 1, 1, 1, 1, 1, 1, 1, 1, 1, 1, 1, 1, 1, 1, 1, 1, 1, 1, 1, 1, 1, 1, 1, 1, 1, 1, 1, 1, 1, 1, 1, 1, 1, 1, 1, 1, 1, 1, 1, 1, 1, 1, 1, 1, 1, 1, 1, 1, 1, 1, 1, 1, 1, 1, 1, 1, 1, 1, 1, 1, 1, 1, 1, 1, 1, 1, 1, 1, 1, 1, 1, 1, 1, 1, 1, 1, 1, 1, 1, 1, 1, 1, 1, 1, 1, 1, 1, 1, 1, 1, 1, 1, 1, 1, 1, 1, 1, 1, 1, 1, 1, 1, 1, 1, 1, 1, 1, 1, 1, 1, 1, 1, 1, 1, 1, 1, 1, 1, 1, 1, 1, 1]
Labels:           [81, -100, -100, -100, -100, -100, -100, -100, -100, -100, -100, -100, -100, -100, -100, -100, -100, -100, -100, -100, -100, -100, -100, -100, -100, -100, -100, -100, -100, -100, -100, -100, -100, -100, -100, -100, -100, -100, -100, -100, -100, -100, -100, -100, -100, -100, -100, -100, -100, -100, -100, -100, -100, -100, -100, -100, -100, -100, -100, -100, -100, -100, -100, -100, -100, -100, -100, -100, -100, -100, -100, -100, -100, -100, -100, -100, -100, -100, -100, -100, -100, -100, -100, -100, -100, -100, -100, -100, -100, -100, -100, -100, -100, -100, -100, -100, -100, -100, -100, -100, -100, -100, -100, -100, -100, -100, -100, -100, -100, -100, -100, -100, -100, -100, -100, -100, -100, -100, -100, -100, -100, -100, -100, -100, -100, -100, -100, -100, -100, -100, -100, -100, -100, -100, -100, -100, -100, -100, -100, -100, -100, -100, -100, -100, -100, -100, -100, -100, -100, -100, -100, -100, -100, -100, -100, -100, -100, -100, -100, -100, -100, -100, -100, -100, -100, -100, -100, -100, -100, -100, -100, -100, -100, -100, -100, -100, -100, -100, -100, -100, -100, -100, -100, -100, -100, -100, -100, -100, -100, -100, -100, -100, -100, -100, -100, -100, -100, -100, -100, -100, -100, -100, -100, -100, -100, -100, -100, -100, -100, -100, -100, -100, -100, -100, -100, -100, -100, -100, -100, -100, -100, -100, -100, -100, -100, -100, -100, -100, -100, -100, -100, -100, -100, -100, -100, -100, -100, -100, -100, -100, -100, -100, -100, -100, -100, -100, -100, -100, -100, -100, -100, -100, -100, -100, -100, -100, -100, -100, -100, -100, -100, -100, -100, -100, -100, -100, -100, -100, -100, -100, -100, -100, -100, -100, -100, -100, -100, -100, -100, -100, -100, -100, -100, -100, -100, -100, -100, -100, -100, -100, -100, -100, -100, -100, -100, -100, -100, -100, -100, -100, -100, -100, -100, -100, -100, -100, -100, -100, -100, -100, -100, -100, -100, -100, -100, -100, -100, -100, -100, -100, -100, -100, -100, -100, -100, -100, -100, -100, -100, -100, -100, -100, -100, -100, -100, -100, -100, -100, -100, -100, -100, -100, -100, -100, -100, -100, -100, -100, -100, -100, -100, -100, -100, -100, -100, -100, -100, -100, -100, -100, -100, -100, -100, -100, -100, -100, -100, -100, -100, -100, -100, -100, -100, -100, -100, -100, -100, -100, -100, -100, -100, -100, -100, -100, -100, -100, -100, -100, -100, -100, -100, -100, -100, -100, -100, -100, -100, -100, -100, -100, -100, -100, -100, -100, -100, -100, -100, -100, -100, -100, -100, -100, -100, -100, -100, -100, -100, -100, -100, -100, -100, -100, -100, -100, -100, -100, -100, -100, -100, -100, -100, -100, -100, -100, -100, -100, -100, -100, -100, -100, -100, -100, -100, -100, -100, -100, -100, -100, -100, -100, -100, -100, -100, -100, -100, -100, -100, -100, -100, -100, -100, -100, -100, -100, -100, -100, -100, -100, -100, -100, -100, -100, -100, -100, -100, -100, -100, -100, -100, -100, -100, -100, -100, 3, 29, -100, -100, 40, 67, 64, 64, 64, 64, 64, 64, 64, 64, 64, 64, 64, 64, 64, 64, 64, 64, 64, 64, 64, 64, 82, 18, 22, 17, 2, 18, 64, 17, 89, 18, 41, 17, 9, 3, 29, -100, -100, -100, 40, 64, 67, 64, 64, 64, 64, 64, 64, 64, 64, 64, 64, 64, 64, 64, 64, 64, 64, 64, 64, 64, 64, 82, 18, 58, 17, 2, 18, 64, 64, 17, 89, 18, 41, 17, 9, 3, 29, -100, -100, -100, -100, 40, 64, 64, 67, 64, 64, 64, 64, 64, 64, 64, 64, 64, 64, 64, 64, 64, 64, 64, 64, 64, 64, 64, 64, 82, 18, 51, 17, 2, 18, 64, 64, 64, 17, 89, 18, 41, 17, 9, 3, 29, -100, -100, -100, -100, -100, 40, 64, 64, 64, 67, 64, 64, 64, 64, 64, 64, 64, 64, 64, 64, 64, 64, 64, 64, 64, 64, 64, 64, 64, 64, 82, 18, 48, 17, 2, 18, 64, 64, 64, 64, 17, 89, 18, 41, 17, 9, 3, 32, -100, -100, -100, -100, -100, -100, 21, 62, 59, 100, 56, 3, 32, -100, -100, -100, -100, 21, 62, 59, 100, 56, 3, 29, -100, -100, -100, -100, 40, 64, 64, 67, 64, 64, 64, 64, 64, 64, 64, 64, 64, 64, 64, 64, 64, 64, 64, 64, 64, 64, 64, 64, 82, 18, 51, 17, 2, 18, 64, 64, 17, 89, 18, 41, 17, 9, 3, 29, -100, -100, -100, -100, -100, 40, 64, 64, 64, 67, 64, 64, 64, 64, 64, 64, 64, 64, 64, 64, 64, 64, 64, 64, 64, 64, 64, 64, 64, 64, 82, 18, 61, 17, 2, 18, 64, 64, 64, 17, 89, 18, 41, 17, 9, 3, 32, -100, -100, -100, -100, -100, 21, 62, 59, 100, 56, 3, 32, -100, -100, -100, 21, 62, 59, 100, 56, 3, 29, -100, -100, -100, 40, 64, 67, 64, 64, 64, 64, 64, 64, 64, 64, 64, 64, 64, 64, 64, 64, 64, 64, 64, 64, 64, 64, 82, 18, 73, 17, 2, 18, 64, 17, 89, 18, 41, 17, 9, 3, 29, -100, -100, -100, -100, -100, 40, 64, 64, 64, 67, 64, 64, 64, 64, 64, 64, 64, 64, 64, 64, 64, 64, 64, 64, 64, 64, 64, 64, 64, 64, 82, 18, 85, 17, 2, 18, 64, 64, 17, 89, 18, 41, 17, 9, 3, 32, -100, -100, -100, -100, 21, 62, 59, 100, 56, 3, 32, -100, -100, -100, 21, 62, 59, 100, 56, 3, 29, -100, -100, -100, -100, 40, 64, 64, 67, 64, 64, 64, 64, 64, 64, 64, 64, 64, 64, 64, 64, 64, 64, 64, 64, 64, 64, 64, 64, 82, 18, 85, 17, 2, 18, 64, 17, 89, 18, 41, 17, 9, 3, 32, -100, -100, -100, 21, 62, 59, 100, 56, 3, 29, -100, -100, -100, -100, -100, 40, 64, 64, 64, 67, 64, 64, 64, 64, 64, 64, 64, 64, 64, 64, 64, 64, 64, 64, 64, 64, 64, 64, 64, 64, 82, 18, 61, 17, 2, 18, 64, 17, 89, 18, 41, 17, 9, 3, 29, -100, -100, -100, -100, -100, -100, 40, 64, 64, 64, 64, 67, 64, 64, 64, 64, 64, 64, 64, 64, 64, 64, 64, 64, 64, 64, 64, 64, 64, 64, 64, 64, 82, 18, 77, 17, 2, 18, 64, 64, 17, 89, 18, 41, 17, 9, 3, 29, -100, -100, -100, -100, -100, -100, -100, -100, -100, -100, -100, 40, 64, 64, 64, 64, 64, 64, 64, 64, 64, 67, 64, 64, 64, 64, 64, 64, 64, 64, 64, 64, 64, 64, 64, 64, 64, 64, 64, 64, 64, 64, 82, 18, 45, 17, 2, 18, 64, 64, 64, 17, 89, 18, 41, 17, 9, 3, 32, -100, -100, -100, -100, -100, 21, 62, 59, 100, 56, 3, 29, -100, -100, -100, -100, -100, -100, -100, -100, -100, -100, -100, -100, 40, 64, 64, 64, 64, 64, 64, 64, 64, 64, 64, 67, 64, 64, 64, 64, 64, 64, 64, 64, 64, 64, 64, 64, 64, 64, 64, 64, 64, 64, 64, 64, 82, 18, 27, 17, 2, 18, 64, 64, 64, 17, 89, 18, 41, 17, 9, 3, 29, -100, -100, -100, -100, -100, -100, -100, -100, -100, -100, -100, -100, -100, -100, -100, -100, -100, -100, -100, -100, -100, -100, 40, 64, 64, 64, 64, 64, 64, 64, 64, 64, 64, 64, 64, 64, 64, 64, 64, 64, 64, 64, 64, 67, 64, 64, 64, 64, 64, 64, 64, 64, 64, 64, 64, 64, 64, 64, 64, 64, 64, 64, 64, 64, 95, 23, -100]
Decoded Input:    SOLVE_BEGIN READ_CLAUSES READ_BEGIN [ -x19 -x4 x21 ] [ -x16 -x6 x15 ] [ x16 x20 -x13 ] [ x19 x9 x7 ] [ x24 -x8 -x19 ] [ x5 x4 -x13 ] [ -x6 x14 -x16 ] [ -x14 x24 -x9 ] [ -x3 x24 x14 ] [ x8 -x22 -x23 ] [ x15 x8 -x16 ] [ x6 -x17 x13 ] [ x16 x6 -x14 ] [ x20 x15 x16 ] [ x7 -x23 -x3 ] [ x14 -x9 x16 ] [ x12 x4 x18 ] [ -x9 -x3 x18 ] [ x7 x24 x13 ] [ x8 x17 -x7 ] [ -x12 x9 -x3 ] [ x21 x20 x13 ] [ -x22 -x15 -x19 ] [ x17 x13 -x14 ] [ -x12 -x15 x8 ] [ -x20 -x21 x16 ] [ x21 x7 x4 ] [ -x24 x8 x9 ] [ -x21 -x14 x20 ] [ -x5 -x17 x7 ] [ -x13 x9 -x3 ] [ x24 x17 -x6 ] [ x16 -x4 -x9 ] [ x9 -x14 x5 ] [ -x6 -x3 x18 ] [ -x9 -x19 x12 ] [ -x21 -x6 -x14 ] [ -x12 -x17 -x24 ] [ -x21 x23 x5 ] [ x4 x6 x13 ] [ -x16 -x14 -x4 ] [ x6 -x8 x7 ] [ -x9 -x14 -x16 ] [ -x4 -x13 x6 ] [ -x8 -x23 x5 ] [ x16 -x21 -x6 ] [ -x3 -x24 -x20 ] [ x23 x8 x5 ] [ x4 x8 -x14 ] [ x16 x8 x9 ] [ x12 x18 x21 ] [ x7 x23 x9 ] [ x6 x12 -x18 ] [ x9 x23 x22 ] [ -x23 -x9 -x18 ] [ -x7 -x24 -x19 ] [ -x3 -x16 x14 ] [ -x12 x24 -x13 ] [ x24 -x13 -x15 ] [ x15 x7 -x8 ] [ x6 x13 x15 ] [ x19 x5 x23 ] [ -x20 -x8 x9 ] [ x20 -x9 x24 ] [ x24 x5 -x14 ] [ x4 x23 -x12 ] [ -x12 -x3 x9 ] [ -x21 x19 -x15 ] [ x4 -x14 -x13 ] [ x16 x15 x19 ] [ x15 -x3 -x12 ] [ -x4 -x18 -x16 ] [ -x12 -x17 x8 ] [ -x12 -x14 x17 ] [ x3 x6 x23 ] [ x16 x5 x23 ] [ -x7 x15 x4 ] [ -x19 -x24 x4 ] [ -x7 -x16 -x6 ] [ x20 x4 x14 ] [ -x24 -x21 x23 ] [ x5 -x8 -x6 ] [ x24 x8 -x4 ] [ -x4 x3 x6 ] [ -x22 x20 -x12 ] [ -x8 -x17 x22 ] [ x20 x15 x17 ] [ -x15 -x23 x17 ] [ x16 -x5 x18 ] [ -x14 x15 -x24 ] [ x7 -x23 -x12 ] [ x7 -x17 -x6 ] [ x17 -x4 x24 ] [ -x15 x23 x7 ] [ x21 x8 x13 ] [ -x14 -x7 x24 ] READ_END CALL_UNIT_PROPAGATION READ_ASSIGNMENTS READ_BEGIN READ_END N_VARS_ASSIGNED N_VARS_TOTAL I I I I I I I I I I I I I I I I I I I I WRITE_ASSIGNMENTS WRITE_BEGIN x3 WRITE_END WRITE_DECISION_LEVELS WRITE_BEGIN I WRITE_END WRITE_REASON_CLAUSES WRITE_BEGIN None WRITE_END LEVEL_UP CALL_UNIT_PROPAGATION READ_ASSIGNMENTS READ_BEGIN x3 READ_END N_VARS_ASSIGNED I N_VARS_TOTAL I I I I I I I I I I I I I I I I I I I I WRITE_ASSIGNMENTS WRITE_BEGIN -x4 WRITE_END WRITE_DECISION_LEVELS WRITE_BEGIN I I WRITE_END WRITE_REASON_CLAUSES WRITE_BEGIN None WRITE_END LEVEL_UP CALL_UNIT_PROPAGATION READ_ASSIGNMENTS READ_BEGIN x3 -x4 READ_END N_VARS_ASSIGNED I I N_VARS_TOTAL I I I I I I I I I I I I I I I I I I I I WRITE_ASSIGNMENTS WRITE_BEGIN x5 WRITE_END WRITE_DECISION_LEVELS WRITE_BEGIN I I I WRITE_END WRITE_REASON_CLAUSES WRITE_BEGIN None WRITE_END LEVEL_UP CALL_UNIT_PROPAGATION READ_ASSIGNMENTS READ_BEGIN x3 -x4 x5 READ_END N_VARS_ASSIGNED I I I N_VARS_TOTAL I I I I I I I I I I I I I I I I I I I I WRITE_ASSIGNMENTS WRITE_BEGIN -x6 WRITE_END WRITE_DECISION_LEVELS WRITE_BEGIN I I I I WRITE_END WRITE_REASON_CLAUSES WRITE_BEGIN None WRITE_END LEVEL_UP CALL_UNIT_PROPAGATION READ_LEVEL READ_BEGIN I I I I READ_END IS UNSAT 0 CALL_ANALYZE_CONFLICT BACKTRACK CALL_UNIT_PROPAGATION READ_LEVEL READ_BEGIN I I READ_END IS UNSAT 0 CALL_ANALYZE_CONFLICT BACKTRACK CALL_UNIT_PROPAGATION READ_ASSIGNMENTS READ_BEGIN x3 x4 READ_END N_VARS_ASSIGNED I I N_VARS_TOTAL I I I I I I I I I I I I I I I I I I I I WRITE_ASSIGNMENTS WRITE_BEGIN x5 WRITE_END WRITE_DECISION_LEVELS WRITE_BEGIN I I WRITE_END WRITE_REASON_CLAUSES WRITE_BEGIN None WRITE_END LEVEL_UP CALL_UNIT_PROPAGATION READ_ASSIGNMENTS READ_BEGIN x3 x4 x5 READ_END N_VARS_ASSIGNED I I I N_VARS_TOTAL I I I I I I I I I I I I I I I I I I I I WRITE_ASSIGNMENTS WRITE_BEGIN x6 WRITE_END WRITE_DECISION_LEVELS WRITE_BEGIN I I I WRITE_END WRITE_REASON_CLAUSES WRITE_BEGIN None WRITE_END LEVEL_UP CALL_UNIT_PROPAGATION READ_LEVEL READ_BEGIN I I I READ_END IS UNSAT 0 CALL_ANALYZE_CONFLICT BACKTRACK CALL_UNIT_PROPAGATION READ_LEVEL READ_BEGIN I READ_END IS UNSAT 0 CALL_ANALYZE_CONFLICT BACKTRACK CALL_UNIT_PROPAGATION READ_ASSIGNMENTS READ_BEGIN -x3 READ_END N_VARS_ASSIGNED I N_VARS_TOTAL I I I I I I I I I I I I I I I I I I I I WRITE_ASSIGNMENTS WRITE_BEGIN x4 WRITE_END WRITE_DECISION_LEVELS WRITE_BEGIN I WRITE_END WRITE_REASON_CLAUSES WRITE_BEGIN None WRITE_END LEVEL_UP CALL_UNIT_PROPAGATION READ_ASSIGNMENTS READ_BEGIN -x3 x4 x6 READ_END N_VARS_ASSIGNED I I I N_VARS_TOTAL I I I I I I I I I I I I I I I I I I I I WRITE_ASSIGNMENTS WRITE_BEGIN -x5 WRITE_END WRITE_DECISION_LEVELS WRITE_BEGIN I I WRITE_END WRITE_REASON_CLAUSES WRITE_BEGIN None WRITE_END LEVEL_UP CALL_UNIT_PROPAGATION READ_LEVEL READ_BEGIN I I READ_END IS UNSAT 0 CALL_ANALYZE_CONFLICT BACKTRACK CALL_UNIT_PROPAGATION READ_LEVEL READ_BEGIN I READ_END IS UNSAT 0 CALL_ANALYZE_CONFLICT BACKTRACK CALL_UNIT_PROPAGATION READ_ASSIGNMENTS READ_BEGIN -x3 -x4 READ_END N_VARS_ASSIGNED I I N_VARS_TOTAL I I I I I I I I I I I I I I I I I I I I WRITE_ASSIGNMENTS WRITE_BEGIN -x5 WRITE_END WRITE_DECISION_LEVELS WRITE_BEGIN I WRITE_END WRITE_REASON_CLAUSES WRITE_BEGIN None WRITE_END LEVEL_UP CALL_UNIT_PROPAGATION READ_LEVEL READ_BEGIN I READ_END IS UNSAT 0 CALL_ANALYZE_CONFLICT BACKTRACK CALL_UNIT_PROPAGATION READ_ASSIGNMENTS READ_BEGIN -x3 -x4 x5 READ_END N_VARS_ASSIGNED I I I N_VARS_TOTAL I I I I I I I I I I I I I I I I I I I I WRITE_ASSIGNMENTS WRITE_BEGIN x6 WRITE_END WRITE_DECISION_LEVELS WRITE_BEGIN I WRITE_END WRITE_REASON_CLAUSES WRITE_BEGIN None WRITE_END LEVEL_UP CALL_UNIT_PROPAGATION READ_ASSIGNMENTS READ_BEGIN -x3 -x4 x5 x6 READ_END N_VARS_ASSIGNED I I I I N_VARS_TOTAL I I I I I I I I I I I I I I I I I I I I WRITE_ASSIGNMENTS WRITE_BEGIN x7 WRITE_END WRITE_DECISION_LEVELS WRITE_BEGIN I I WRITE_END WRITE_REASON_CLAUSES WRITE_BEGIN None WRITE_END LEVEL_UP CALL_UNIT_PROPAGATION READ_ASSIGNMENTS READ_BEGIN -x3 -x4 x5 x6 x7 x15 -x16 x18 -x21 READ_END N_VARS_ASSIGNED I I I I I I I I I N_VARS_TOTAL I I I I I I I I I I I I I I I I I I I I WRITE_ASSIGNMENTS WRITE_BEGIN -x8 WRITE_END WRITE_DECISION_LEVELS WRITE_BEGIN I I I WRITE_END WRITE_REASON_CLAUSES WRITE_BEGIN None WRITE_END LEVEL_UP CALL_UNIT_PROPAGATION READ_LEVEL READ_BEGIN I I I READ_END IS UNSAT 0 CALL_ANALYZE_CONFLICT BACKTRACK CALL_UNIT_PROPAGATION READ_ASSIGNMENTS READ_BEGIN -x3 -x4 x5 x6 x7 x15 -x16 x18 -x21 x8 READ_END N_VARS_ASSIGNED I I I I I I I I I I N_VARS_TOTAL I I I I I I I I I I I I I I I I I I I I WRITE_ASSIGNMENTS WRITE_BEGIN x9 WRITE_END WRITE_DECISION_LEVELS WRITE_BEGIN I I I WRITE_END WRITE_REASON_CLAUSES WRITE_BEGIN None WRITE_END LEVEL_UP CALL_UNIT_PROPAGATION READ_ASSIGNMENTS READ_BEGIN -x3 -x4 x5 x6 x7 x15 -x16 x18 -x21 x8 x9 x14 -x23 -x12 -x13 x24 x20 x17 -x19 x22 READ_END N_VARS_ASSIGNED I I I I I I I I I I I I I I I I I I I I N_VARS_TOTAL I I I I I I I I I I I I I I I I I I I I SAT SOLVE_END
Decoded Labels:   READ_CLAUSES CALL_UNIT_PROPAGATION READ_ASSIGNMENTS N_VARS_ASSIGNED N_VARS_TOTAL I I I I I I I I I I I I I I I I I I I I WRITE_ASSIGNMENTS WRITE_BEGIN x3 WRITE_END WRITE_DECISION_LEVELS WRITE_BEGIN I WRITE_END WRITE_REASON_CLAUSES WRITE_BEGIN None WRITE_END LEVEL_UP CALL_UNIT_PROPAGATION READ_ASSIGNMENTS N_VARS_ASSIGNED I N_VARS_TOTAL I I I I I I I I I I I I I I I I I I I I WRITE_ASSIGNMENTS WRITE_BEGIN -x4 WRITE_END WRITE_DECISION_LEVELS WRITE_BEGIN I I WRITE_END WRITE_REASON_CLAUSES WRITE_BEGIN None WRITE_END LEVEL_UP CALL_UNIT_PROPAGATION READ_ASSIGNMENTS N_VARS_ASSIGNED I I N_VARS_TOTAL I I I I I I I I I I I I I I I I I I I I WRITE_ASSIGNMENTS WRITE_BEGIN x5 WRITE_END WRITE_DECISION_LEVELS WRITE_BEGIN I I I WRITE_END WRITE_REASON_CLAUSES WRITE_BEGIN None WRITE_END LEVEL_UP CALL_UNIT_PROPAGATION READ_ASSIGNMENTS N_VARS_ASSIGNED I I I N_VARS_TOTAL I I I I I I I I I I I I I I I I I I I I WRITE_ASSIGNMENTS WRITE_BEGIN -x6 WRITE_END WRITE_DECISION_LEVELS WRITE_BEGIN I I I I WRITE_END WRITE_REASON_CLAUSES WRITE_BEGIN None WRITE_END LEVEL_UP CALL_UNIT_PROPAGATION READ_LEVEL IS UNSAT 0 CALL_ANALYZE_CONFLICT BACKTRACK CALL_UNIT_PROPAGATION READ_LEVEL IS UNSAT 0 CALL_ANALYZE_CONFLICT BACKTRACK CALL_UNIT_PROPAGATION READ_ASSIGNMENTS N_VARS_ASSIGNED I I N_VARS_TOTAL I I I I I I I I I I I I I I I I I I I I WRITE_ASSIGNMENTS WRITE_BEGIN x5 WRITE_END WRITE_DECISION_LEVELS WRITE_BEGIN I I WRITE_END WRITE_REASON_CLAUSES WRITE_BEGIN None WRITE_END LEVEL_UP CALL_UNIT_PROPAGATION READ_ASSIGNMENTS N_VARS_ASSIGNED I I I N_VARS_TOTAL I I I I I I I I I I I I I I I I I I I I WRITE_ASSIGNMENTS WRITE_BEGIN x6 WRITE_END WRITE_DECISION_LEVELS WRITE_BEGIN I I I WRITE_END WRITE_REASON_CLAUSES WRITE_BEGIN None WRITE_END LEVEL_UP CALL_UNIT_PROPAGATION READ_LEVEL IS UNSAT 0 CALL_ANALYZE_CONFLICT BACKTRACK CALL_UNIT_PROPAGATION READ_LEVEL IS UNSAT 0 CALL_ANALYZE_CONFLICT BACKTRACK CALL_UNIT_PROPAGATION READ_ASSIGNMENTS N_VARS_ASSIGNED I N_VARS_TOTAL I I I I I I I I I I I I I I I I I I I I WRITE_ASSIGNMENTS WRITE_BEGIN x4 WRITE_END WRITE_DECISION_LEVELS WRITE_BEGIN I WRITE_END WRITE_REASON_CLAUSES WRITE_BEGIN None WRITE_END LEVEL_UP CALL_UNIT_PROPAGATION READ_ASSIGNMENTS N_VARS_ASSIGNED I I I N_VARS_TOTAL I I I I I I I I I I I I I I I I I I I I WRITE_ASSIGNMENTS WRITE_BEGIN -x5 WRITE_END WRITE_DECISION_LEVELS WRITE_BEGIN I I WRITE_END WRITE_REASON_CLAUSES WRITE_BEGIN None WRITE_END LEVEL_UP CALL_UNIT_PROPAGATION READ_LEVEL IS UNSAT 0 CALL_ANALYZE_CONFLICT BACKTRACK CALL_UNIT_PROPAGATION READ_LEVEL IS UNSAT 0 CALL_ANALYZE_CONFLICT BACKTRACK CALL_UNIT_PROPAGATION READ_ASSIGNMENTS N_VARS_ASSIGNED I I N_VARS_TOTAL I I I I I I I I I I I I I I I I I I I I WRITE_ASSIGNMENTS WRITE_BEGIN -x5 WRITE_END WRITE_DECISION_LEVELS WRITE_BEGIN I WRITE_END WRITE_REASON_CLAUSES WRITE_BEGIN None WRITE_END LEVEL_UP CALL_UNIT_PROPAGATION READ_LEVEL IS UNSAT 0 CALL_ANALYZE_CONFLICT BACKTRACK CALL_UNIT_PROPAGATION READ_ASSIGNMENTS N_VARS_ASSIGNED I I I N_VARS_TOTAL I I I I I I I I I I I I I I I I I I I I WRITE_ASSIGNMENTS WRITE_BEGIN x6 WRITE_END WRITE_DECISION_LEVELS WRITE_BEGIN I WRITE_END WRITE_REASON_CLAUSES WRITE_BEGIN None WRITE_END LEVEL_UP CALL_UNIT_PROPAGATION READ_ASSIGNMENTS N_VARS_ASSIGNED I I I I N_VARS_TOTAL I I I I I I I I I I I I I I I I I I I I WRITE_ASSIGNMENTS WRITE_BEGIN x7 WRITE_END WRITE_DECISION_LEVELS WRITE_BEGIN I I WRITE_END WRITE_REASON_CLAUSES WRITE_BEGIN None WRITE_END LEVEL_UP CALL_UNIT_PROPAGATION READ_ASSIGNMENTS N_VARS_ASSIGNED I I I I I I I I I N_VARS_TOTAL I I I I I I I I I I I I I I I I I I I I WRITE_ASSIGNMENTS WRITE_BEGIN -x8 WRITE_END WRITE_DECISION_LEVELS WRITE_BEGIN I I I WRITE_END WRITE_REASON_CLAUSES WRITE_BEGIN None WRITE_END LEVEL_UP CALL_UNIT_PROPAGATION READ_LEVEL IS UNSAT 0 CALL_ANALYZE_CONFLICT BACKTRACK CALL_UNIT_PROPAGATION READ_ASSIGNMENTS N_VARS_ASSIGNED I I I I I I I I I I N_VARS_TOTAL I I I I I I I I I I I I I I I I I I I I WRITE_ASSIGNMENTS WRITE_BEGIN x9 WRITE_END WRITE_DECISION_LEVELS WRITE_BEGIN I I I WRITE_END WRITE_REASON_CLAUSES WRITE_BEGIN None WRITE_END LEVEL_UP CALL_UNIT_PROPAGATION READ_ASSIGNMENTS N_VARS_ASSIGNED I I I I I I I I I I I I I I I I I I I I N_VARS_TOTAL I I I I I I I I I I I I I I I I I I I I SAT SOLVE_END

Example 2:
Input IDs:        [0, 81, 76, 55, 94, 58, 16, 1, 55, 20, 48, 52, 1, 55, 70, 10, 71, 1, 55, 65, 27, 77, 1, 55, 90, 45, 94, 1, 55, 51, 73, 71, 1, 55, 48, 63, 20, 1, 55, 92, 90, 12, 1, 55, 30, 90, 63, 1, 55, 66, 75, 4, 1, 55, 52, 66, 20, 1, 55, 61, 74, 15, 1, 55, 70, 61, 92, 1, 55, 10, 52, 70, 1, 55, 77, 4, 30, 1, 55, 63, 12, 70, 1, 55, 24, 73, 88, 1, 55, 12, 30, 88, 1, 55, 77, 90, 15, 1, 55, 66, 19, 28, 1, 55, 8, 27, 30, 1, 55, 16, 10, 15, 1, 55, 75, 60, 94, 1, 55, 19, 15, 92, 1, 55, 8, 60, 66, 1, 55, 80, 86, 70, 1, 55, 16, 77, 73, 1, 55, 37, 66, 27, 1, 55, 86, 92, 10, 1, 55, 85, 74, 77, 1, 55, 71, 27, 30, 1, 55, 90, 19, 48, 1, 55, 70, 58, 12, 1, 55, 27, 92, 51, 1, 55, 48, 30, 88, 1, 55, 12, 94, 24, 1, 55, 86, 48, 92, 1, 55, 8, 74, 37, 1, 55, 86, 26, 51, 1, 55, 73, 61, 15, 1, 55, 20, 92, 58, 1, 55, 61, 45, 77, 1, 55, 12, 92, 20, 1, 55, 58, 71, 61, 1, 55, 45, 4, 51, 1, 55, 70, 86, 48, 1, 55, 30, 37, 80, 1, 55, 26, 66, 51, 1, 55, 73, 66, 92, 1, 55, 70, 66, 27, 1, 55, 24, 88, 16, 1, 55, 77, 26, 27, 1, 55, 61, 24, 97, 1, 55, 27, 26, 72, 1, 55, 4, 12, 97, 1, 55, 28, 37, 94, 1, 55, 30, 20, 63, 1, 55, 8, 90, 71, 1, 55, 90, 71, 60, 1, 55, 52, 77, 45, 1, 55, 61, 15, 52, 1, 55, 65, 51, 26, 1, 55, 80, 45, 27, 1, 55, 10, 12, 90, 1, 55, 90, 51, 92, 1, 55, 73, 26, 8, 1, 55, 8, 30, 27, 1, 55, 86, 65, 60, 1, 55, 73, 92, 71, 1, 55, 70, 52, 65, 1, 55, 52, 30, 8, 1, 55, 58, 97, 20, 1, 55, 8, 74, 66, 1, 55, 8, 92, 19, 1, 55, 22, 61, 26, 1, 55, 70, 51, 26, 1, 55, 28, 52, 73, 1, 55, 94, 37, 73, 1, 55, 28, 20, 48, 1, 55, 10, 73, 63, 1, 55, 37, 86, 26, 1, 55, 51, 45, 48, 1, 55, 90, 66, 58, 1, 55, 58, 22, 61, 1, 55, 75, 10, 8, 1, 55, 45, 74, 72, 1, 55, 10, 52, 19, 1, 55, 60, 4, 19, 1, 55, 70, 85, 88, 1, 55, 92, 52, 37, 1, 55, 77, 4, 8, 1, 55, 77, 74, 48, 1, 55, 19, 58, 90, 1, 55, 60, 26, 77, 1, 55, 16, 66, 15, 1, 55, 92, 28, 90, 1, 25, 99, 76, 25, 29, 76, 25, 83, 59, 34]
Attention Mask:   [1, 1, 1, 1, 1, 1, 1, 1, 1, 1, 1, 1, 1, 1, 1, 1, 1, 1, 1, 1, 1, 1, 1, 1, 1, 1, 1, 1, 1, 1, 1, 1, 1, 1, 1, 1, 1, 1, 1, 1, 1, 1, 1, 1, 1, 1, 1, 1, 1, 1, 1, 1, 1, 1, 1, 1, 1, 1, 1, 1, 1, 1, 1, 1, 1, 1, 1, 1, 1, 1, 1, 1, 1, 1, 1, 1, 1, 1, 1, 1, 1, 1, 1, 1, 1, 1, 1, 1, 1, 1, 1, 1, 1, 1, 1, 1, 1, 1, 1, 1, 1, 1, 1, 1, 1, 1, 1, 1, 1, 1, 1, 1, 1, 1, 1, 1, 1, 1, 1, 1, 1, 1, 1, 1, 1, 1, 1, 1, 1, 1, 1, 1, 1, 1, 1, 1, 1, 1, 1, 1, 1, 1, 1, 1, 1, 1, 1, 1, 1, 1, 1, 1, 1, 1, 1, 1, 1, 1, 1, 1, 1, 1, 1, 1, 1, 1, 1, 1, 1, 1, 1, 1, 1, 1, 1, 1, 1, 1, 1, 1, 1, 1, 1, 1, 1, 1, 1, 1, 1, 1, 1, 1, 1, 1, 1, 1, 1, 1, 1, 1, 1, 1, 1, 1, 1, 1, 1, 1, 1, 1, 1, 1, 1, 1, 1, 1, 1, 1, 1, 1, 1, 1, 1, 1, 1, 1, 1, 1, 1, 1, 1, 1, 1, 1, 1, 1, 1, 1, 1, 1, 1, 1, 1, 1, 1, 1, 1, 1, 1, 1, 1, 1, 1, 1, 1, 1, 1, 1, 1, 1, 1, 1, 1, 1, 1, 1, 1, 1, 1, 1, 1, 1, 1, 1, 1, 1, 1, 1, 1, 1, 1, 1, 1, 1, 1, 1, 1, 1, 1, 1, 1, 1, 1, 1, 1, 1, 1, 1, 1, 1, 1, 1, 1, 1, 1, 1, 1, 1, 1, 1, 1, 1, 1, 1, 1, 1, 1, 1, 1, 1, 1, 1, 1, 1, 1, 1, 1, 1, 1, 1, 1, 1, 1, 1, 1, 1, 1, 1, 1, 1, 1, 1, 1, 1, 1, 1, 1, 1, 1, 1, 1, 1, 1, 1, 1, 1, 1, 1, 1, 1, 1, 1, 1, 1, 1, 1, 1, 1, 1, 1, 1, 1, 1, 1, 1, 1, 1, 1, 1, 1, 1, 1, 1, 1, 1, 1, 1, 1, 1, 1, 1, 1, 1, 1, 1, 1, 1, 1, 1, 1, 1, 1, 1, 1, 1, 1, 1, 1, 1, 1, 1, 1, 1, 1, 1, 1, 1, 1, 1, 1, 1, 1, 1, 1, 1, 1, 1, 1, 1, 1, 1, 1, 1, 1, 1, 1, 1, 1, 1, 1, 1, 1, 1, 1, 1, 1, 1, 1, 1, 1, 1, 1, 1, 1, 1, 1, 1, 1, 1, 1, 1, 1, 1, 1, 1, 1, 1, 1, 1, 1, 1, 1, 1, 1, 1, 1, 1, 1, 1, 1, 1, 1, 1, 1, 1, 1, 1, 1, 1, 1, 1, 1, 1]
Labels:           [81, -100, -100, -100, -100, -100, -100, -100, -100, -100, -100, -100, -100, -100, -100, -100, -100, -100, -100, -100, -100, -100, -100, -100, -100, -100, -100, -100, -100, -100, -100, -100, -100, -100, -100, -100, -100, -100, -100, -100, -100, -100, -100, -100, -100, -100, -100, -100, -100, -100, -100, -100, -100, -100, -100, -100, -100, -100, -100, -100, -100, -100, -100, -100, -100, -100, -100, -100, -100, -100, -100, -100, -100, -100, -100, -100, -100, -100, -100, -100, -100, -100, -100, -100, -100, -100, -100, -100, -100, -100, -100, -100, -100, -100, -100, -100, -100, -100, -100, -100, -100, -100, -100, -100, -100, -100, -100, -100, -100, -100, -100, -100, -100, -100, -100, -100, -100, -100, -100, -100, -100, -100, -100, -100, -100, -100, -100, -100, -100, -100, -100, -100, -100, -100, -100, -100, -100, -100, -100, -100, -100, -100, -100, -100, -100, -100, -100, -100, -100, -100, -100, -100, -100, -100, -100, -100, -100, -100, -100, -100, -100, -100, -100, -100, -100, -100, -100, -100, -100, -100, -100, -100, -100, -100, -100, -100, -100, -100, -100, -100, -100, -100, -100, -100, -100, -100, -100, -100, -100, -100, -100, -100, -100, -100, -100, -100, -100, -100, -100, -100, -100, -100, -100, -100, -100, -100, -100, -100, -100, -100, -100, -100, -100, -100, -100, -100, -100, -100, -100, -100, -100, -100, -100, -100, -100, -100, -100, -100, -100, -100, -100, -100, -100, -100, -100, -100, -100, -100, -100, -100, -100, -100, -100, -100, -100, -100, -100, -100, -100, -100, -100, -100, -100, -100, -100, -100, -100, -100, -100, -100, -100, -100, -100, -100, -100, -100, -100, -100, -100, -100, -100, -100, -100, -100, -100, -100, -100, -100, -100, -100, -100, -100, -100, -100, -100, -100, -100, -100, -100, -100, -100, -100, -100, -100, -100, -100, -100, -100, -100, -100, -100, -100, -100, -100, -100, -100, -100, -100, -100, -100, -100, -100, -100, -100, -100, -100, -100, -100, -100, -100, -100, -100, -100, -100, -100, -100, -100, -100, -100, -100, -100, -100, -100, -100, -100, -100, -100, -100, -100, -100, -100, -100, -100, -100, -100, -100, -100, -100, -100, -100, -100, -100, -100, -100, -100, -100, -100, -100, -100, -100, -100, -100, -100, -100, -100, -100, -100, -100, -100, -100, -100, -100, -100, -100, -100, -100, -100, -100, -100, -100, -100, -100, -100, -100, -100, -100, -100, -100, -100, -100, -100, -100, -100, -100, -100, -100, -100, -100, -100, -100, -100, -100, -100, -100, -100, -100, -100, -100, -100, -100, -100, -100, -100, -100, -100, -100, -100, -100, -100, -100, -100, -100, -100, -100, -100, -100, -100, -100, -100, -100, -100, -100, -100, -100, -100, -100, -100, -100, -100, -100, -100, -100, -100, -100, -100, -100, -100, -100, -100, -100, -100, -100, -100, -100, -100, -100, -100, -100, -100, -100, -100, -100, -100, -100, -100, -100, -100, -100, -100, -100, -100, -100, -100, -100, -100, -100, -100, -100, -100, -100, -100, -100, -100, 99, -100, -100, 29, -100, -100, 83, 59, 34, -100]
Decoded Input:    UNIT_PROPAGATION_BEGIN READ_CLAUSES READ_BEGIN [ -x19 -x4 x21 ] [ -x16 -x6 x15 ] [ x16 x20 -x13 ] [ x19 x9 x7 ] [ x24 -x8 -x19 ] [ x5 x4 -x13 ] [ -x6 x14 -x16 ] [ -x14 x24 -x9 ] [ -x3 x24 x14 ] [ x8 -x22 -x23 ] [ x15 x8 -x16 ] [ x6 -x17 x13 ] [ x16 x6 -x14 ] [ x20 x15 x16 ] [ x7 -x23 -x3 ] [ x14 -x9 x16 ] [ x12 x4 x18 ] [ -x9 -x3 x18 ] [ x7 x24 x13 ] [ x8 x17 -x7 ] [ -x12 x9 -x3 ] [ x21 x20 x13 ] [ -x22 -x15 -x19 ] [ x17 x13 -x14 ] [ -x12 -x15 x8 ] [ -x20 -x21 x16 ] [ x21 x7 x4 ] [ -x24 x8 x9 ] [ -x21 -x14 x20 ] [ -x5 -x17 x7 ] [ -x13 x9 -x3 ] [ x24 x17 -x6 ] [ x16 -x4 -x9 ] [ x9 -x14 x5 ] [ -x6 -x3 x18 ] [ -x9 -x19 x12 ] [ -x21 -x6 -x14 ] [ -x12 -x17 -x24 ] [ -x21 x23 x5 ] [ x4 x6 x13 ] [ -x16 -x14 -x4 ] [ x6 -x8 x7 ] [ -x9 -x14 -x16 ] [ -x4 -x13 x6 ] [ -x8 -x23 x5 ] [ x16 -x21 -x6 ] [ -x3 -x24 -x20 ] [ x23 x8 x5 ] [ x4 x8 -x14 ] [ x16 x8 x9 ] [ x12 x18 x21 ] [ x7 x23 x9 ] [ x6 x12 -x18 ] [ x9 x23 x22 ] [ -x23 -x9 -x18 ] [ -x7 -x24 -x19 ] [ -x3 -x16 x14 ] [ -x12 x24 -x13 ] [ x24 -x13 -x15 ] [ x15 x7 -x8 ] [ x6 x13 x15 ] [ x19 x5 x23 ] [ -x20 -x8 x9 ] [ x20 -x9 x24 ] [ x24 x5 -x14 ] [ x4 x23 -x12 ] [ -x12 -x3 x9 ] [ -x21 x19 -x15 ] [ x4 -x14 -x13 ] [ x16 x15 x19 ] [ x15 -x3 -x12 ] [ -x4 -x18 -x16 ] [ -x12 -x17 x8 ] [ -x12 -x14 x17 ] [ x3 x6 x23 ] [ x16 x5 x23 ] [ -x7 x15 x4 ] [ -x19 -x24 x4 ] [ -x7 -x16 -x6 ] [ x20 x4 x14 ] [ -x24 -x21 x23 ] [ x5 -x8 -x6 ] [ x24 x8 -x4 ] [ -x4 x3 x6 ] [ -x22 x20 -x12 ] [ -x8 -x17 x22 ] [ x20 x15 x17 ] [ -x15 -x23 x17 ] [ x16 -x5 x18 ] [ -x14 x15 -x24 ] [ x7 -x23 -x12 ] [ x7 -x17 -x6 ] [ x17 -x4 x24 ] [ -x15 x23 x7 ] [ x21 x8 x13 ] [ -x14 -x7 x24 ] READ_END READ_LEARNED_CLAUSES READ_BEGIN READ_END READ_ASSIGNMENTS READ_BEGIN READ_END PROPAGATED 0 UNIT_PROPAGATION_END
Decoded Labels:   READ_CLAUSES READ_LEARNED_CLAUSES READ_ASSIGNMENTS PROPAGATED 0 UNIT_PROPAGATION_END

Example 3:
Input IDs:        [0, 81, 76, 55, 94, 58, 16, 1, 55, 20, 48, 52, 1, 55, 70, 10, 71, 1, 55, 65, 27, 77, 1, 55, 90, 45, 94, 1, 55, 51, 73, 71, 1, 55, 48, 63, 20, 1, 55, 92, 90, 12, 1, 55, 30, 90, 63, 1, 55, 66, 75, 4, 1, 55, 52, 66, 20, 1, 55, 61, 74, 15, 1, 55, 70, 61, 92, 1, 55, 10, 52, 70, 1, 55, 77, 4, 30, 1, 55, 63, 12, 70, 1, 55, 24, 73, 88, 1, 55, 12, 30, 88, 1, 55, 77, 90, 15, 1, 55, 66, 19, 28, 1, 55, 8, 27, 30, 1, 55, 16, 10, 15, 1, 55, 75, 60, 94, 1, 55, 19, 15, 92, 1, 55, 8, 60, 66, 1, 55, 80, 86, 70, 1, 55, 16, 77, 73, 1, 55, 37, 66, 27, 1, 55, 86, 92, 10, 1, 55, 85, 74, 77, 1, 55, 71, 27, 30, 1, 55, 90, 19, 48, 1, 55, 70, 58, 12, 1, 55, 27, 92, 51, 1, 55, 48, 30, 88, 1, 55, 12, 94, 24, 1, 55, 86, 48, 92, 1, 55, 8, 74, 37, 1, 55, 86, 26, 51, 1, 55, 73, 61, 15, 1, 55, 20, 92, 58, 1, 55, 61, 45, 77, 1, 55, 12, 92, 20, 1, 55, 58, 71, 61, 1, 55, 45, 4, 51, 1, 55, 70, 86, 48, 1, 55, 30, 37, 80, 1, 55, 26, 66, 51, 1, 55, 73, 66, 92, 1, 55, 70, 66, 27, 1, 55, 24, 88, 16, 1, 55, 77, 26, 27, 1, 55, 61, 24, 97, 1, 55, 27, 26, 72, 1, 55, 4, 12, 97, 1, 55, 28, 37, 94, 1, 55, 30, 20, 63, 1, 55, 8, 90, 71, 1, 55, 90, 71, 60, 1, 55, 52, 77, 45, 1, 55, 61, 15, 52, 1, 55, 65, 51, 26, 1, 55, 80, 45, 27, 1, 55, 10, 12, 90, 1, 55, 90, 51, 92, 1, 55, 73, 26, 8, 1, 55, 8, 30, 27, 1, 55, 86, 65, 60, 1, 55, 73, 92, 71, 1, 55, 70, 52, 65, 1, 55, 52, 30, 8, 1, 55, 58, 97, 20, 1, 55, 8, 74, 66, 1, 55, 8, 92, 19, 1, 55, 22, 61, 26, 1, 55, 70, 51, 26, 1, 55, 28, 52, 73, 1, 55, 94, 37, 73, 1, 55, 28, 20, 48, 1, 55, 10, 73, 63, 1, 55, 37, 86, 26, 1, 55, 51, 45, 48, 1, 55, 90, 66, 58, 1, 55, 58, 22, 61, 1, 55, 75, 10, 8, 1, 55, 45, 74, 72, 1, 55, 10, 52, 19, 1, 55, 60, 4, 19, 1, 55, 70, 85, 88, 1, 55, 92, 52, 37, 1, 55, 77, 4, 8, 1, 55, 77, 74, 48, 1, 55, 19, 58, 90, 1, 55, 60, 26, 77, 1, 55, 16, 66, 15, 1, 55, 92, 28, 90, 1, 25, 99, 76, 25, 29, 76, 22, 25, 83, 59, 34]
Attention Mask:   [1, 1, 1, 1, 1, 1, 1, 1, 1, 1, 1, 1, 1, 1, 1, 1, 1, 1, 1, 1, 1, 1, 1, 1, 1, 1, 1, 1, 1, 1, 1, 1, 1, 1, 1, 1, 1, 1, 1, 1, 1, 1, 1, 1, 1, 1, 1, 1, 1, 1, 1, 1, 1, 1, 1, 1, 1, 1, 1, 1, 1, 1, 1, 1, 1, 1, 1, 1, 1, 1, 1, 1, 1, 1, 1, 1, 1, 1, 1, 1, 1, 1, 1, 1, 1, 1, 1, 1, 1, 1, 1, 1, 1, 1, 1, 1, 1, 1, 1, 1, 1, 1, 1, 1, 1, 1, 1, 1, 1, 1, 1, 1, 1, 1, 1, 1, 1, 1, 1, 1, 1, 1, 1, 1, 1, 1, 1, 1, 1, 1, 1, 1, 1, 1, 1, 1, 1, 1, 1, 1, 1, 1, 1, 1, 1, 1, 1, 1, 1, 1, 1, 1, 1, 1, 1, 1, 1, 1, 1, 1, 1, 1, 1, 1, 1, 1, 1, 1, 1, 1, 1, 1, 1, 1, 1, 1, 1, 1, 1, 1, 1, 1, 1, 1, 1, 1, 1, 1, 1, 1, 1, 1, 1, 1, 1, 1, 1, 1, 1, 1, 1, 1, 1, 1, 1, 1, 1, 1, 1, 1, 1, 1, 1, 1, 1, 1, 1, 1, 1, 1, 1, 1, 1, 1, 1, 1, 1, 1, 1, 1, 1, 1, 1, 1, 1, 1, 1, 1, 1, 1, 1, 1, 1, 1, 1, 1, 1, 1, 1, 1, 1, 1, 1, 1, 1, 1, 1, 1, 1, 1, 1, 1, 1, 1, 1, 1, 1, 1, 1, 1, 1, 1, 1, 1, 1, 1, 1, 1, 1, 1, 1, 1, 1, 1, 1, 1, 1, 1, 1, 1, 1, 1, 1, 1, 1, 1, 1, 1, 1, 1, 1, 1, 1, 1, 1, 1, 1, 1, 1, 1, 1, 1, 1, 1, 1, 1, 1, 1, 1, 1, 1, 1, 1, 1, 1, 1, 1, 1, 1, 1, 1, 1, 1, 1, 1, 1, 1, 1, 1, 1, 1, 1, 1, 1, 1, 1, 1, 1, 1, 1, 1, 1, 1, 1, 1, 1, 1, 1, 1, 1, 1, 1, 1, 1, 1, 1, 1, 1, 1, 1, 1, 1, 1, 1, 1, 1, 1, 1, 1, 1, 1, 1, 1, 1, 1, 1, 1, 1, 1, 1, 1, 1, 1, 1, 1, 1, 1, 1, 1, 1, 1, 1, 1, 1, 1, 1, 1, 1, 1, 1, 1, 1, 1, 1, 1, 1, 1, 1, 1, 1, 1, 1, 1, 1, 1, 1, 1, 1, 1, 1, 1, 1, 1, 1, 1, 1, 1, 1, 1, 1, 1, 1, 1, 1, 1, 1, 1, 1, 1, 1, 1, 1, 1, 1, 1, 1, 1, 1, 1, 1, 1, 1, 1, 1, 1, 1, 1, 1, 1, 1, 1, 1, 1, 1, 1, 1, 1, 1, 1, 1, 1, 1, 1, 1, 1, 1, 1, 1, 1, 1, 1, 1, 1, 1]
Labels:           [81, -100, -100, -100, -100, -100, -100, -100, -100, -100, -100, -100, -100, -100, -100, -100, -100, -100, -100, -100, -100, -100, -100, -100, -100, -100, -100, -100, -100, -100, -100, -100, -100, -100, -100, -100, -100, -100, -100, -100, -100, -100, -100, -100, -100, -100, -100, -100, -100, -100, -100, -100, -100, -100, -100, -100, -100, -100, -100, -100, -100, -100, -100, -100, -100, -100, -100, -100, -100, -100, -100, -100, -100, -100, -100, -100, -100, -100, -100, -100, -100, -100, -100, -100, -100, -100, -100, -100, -100, -100, -100, -100, -100, -100, -100, -100, -100, -100, -100, -100, -100, -100, -100, -100, -100, -100, -100, -100, -100, -100, -100, -100, -100, -100, -100, -100, -100, -100, -100, -100, -100, -100, -100, -100, -100, -100, -100, -100, -100, -100, -100, -100, -100, -100, -100, -100, -100, -100, -100, -100, -100, -100, -100, -100, -100, -100, -100, -100, -100, -100, -100, -100, -100, -100, -100, -100, -100, -100, -100, -100, -100, -100, -100, -100, -100, -100, -100, -100, -100, -100, -100, -100, -100, -100, -100, -100, -100, -100, -100, -100, -100, -100, -100, -100, -100, -100, -100, -100, -100, -100, -100, -100, -100, -100, -100, -100, -100, -100, -100, -100, -100, -100, -100, -100, -100, -100, -100, -100, -100, -100, -100, -100, -100, -100, -100, -100, -100, -100, -100, -100, -100, -100, -100, -100, -100, -100, -100, -100, -100, -100, -100, -100, -100, -100, -100, -100, -100, -100, -100, -100, -100, -100, -100, -100, -100, -100, -100, -100, -100, -100, -100, -100, -100, -100, -100, -100, -100, -100, -100, -100, -100, -100, -100, -100, -100, -100, -100, -100, -100, -100, -100, -100, -100, -100, -100, -100, -100, -100, -100, -100, -100, -100, -100, -100, -100, -100, -100, -100, -100, -100, -100, -100, -100, -100, -100, -100, -100, -100, -100, -100, -100, -100, -100, -100, -100, -100, -100, -100, -100, -100, -100, -100, -100, -100, -100, -100, -100, -100, -100, -100, -100, -100, -100, -100, -100, -100, -100, -100, -100, -100, -100, -100, -100, -100, -100, -100, -100, -100, -100, -100, -100, -100, -100, -100, -100, -100, -100, -100, -100, -100, -100, -100, -100, -100, -100, -100, -100, -100, -100, -100, -100, -100, -100, -100, -100, -100, -100, -100, -100, -100, -100, -100, -100, -100, -100, -100, -100, -100, -100, -100, -100, -100, -100, -100, -100, -100, -100, -100, -100, -100, -100, -100, -100, -100, -100, -100, -100, -100, -100, -100, -100, -100, -100, -100, -100, -100, -100, -100, -100, -100, -100, -100, -100, -100, -100, -100, -100, -100, -100, -100, -100, -100, -100, -100, -100, -100, -100, -100, -100, -100, -100, -100, -100, -100, -100, -100, -100, -100, -100, -100, -100, -100, -100, -100, -100, -100, -100, -100, -100, -100, -100, -100, -100, -100, -100, -100, -100, -100, -100, -100, -100, -100, -100, -100, -100, -100, -100, -100, -100, -100, -100, -100, -100, -100, -100, -100, -100, -100, -100, -100, -100, -100, -100, 99, -100, -100, 29, -100, -100, -100, 83, 59, 34, -100]
Decoded Input:    UNIT_PROPAGATION_BEGIN READ_CLAUSES READ_BEGIN [ -x19 -x4 x21 ] [ -x16 -x6 x15 ] [ x16 x20 -x13 ] [ x19 x9 x7 ] [ x24 -x8 -x19 ] [ x5 x4 -x13 ] [ -x6 x14 -x16 ] [ -x14 x24 -x9 ] [ -x3 x24 x14 ] [ x8 -x22 -x23 ] [ x15 x8 -x16 ] [ x6 -x17 x13 ] [ x16 x6 -x14 ] [ x20 x15 x16 ] [ x7 -x23 -x3 ] [ x14 -x9 x16 ] [ x12 x4 x18 ] [ -x9 -x3 x18 ] [ x7 x24 x13 ] [ x8 x17 -x7 ] [ -x12 x9 -x3 ] [ x21 x20 x13 ] [ -x22 -x15 -x19 ] [ x17 x13 -x14 ] [ -x12 -x15 x8 ] [ -x20 -x21 x16 ] [ x21 x7 x4 ] [ -x24 x8 x9 ] [ -x21 -x14 x20 ] [ -x5 -x17 x7 ] [ -x13 x9 -x3 ] [ x24 x17 -x6 ] [ x16 -x4 -x9 ] [ x9 -x14 x5 ] [ -x6 -x3 x18 ] [ -x9 -x19 x12 ] [ -x21 -x6 -x14 ] [ -x12 -x17 -x24 ] [ -x21 x23 x5 ] [ x4 x6 x13 ] [ -x16 -x14 -x4 ] [ x6 -x8 x7 ] [ -x9 -x14 -x16 ] [ -x4 -x13 x6 ] [ -x8 -x23 x5 ] [ x16 -x21 -x6 ] [ -x3 -x24 -x20 ] [ x23 x8 x5 ] [ x4 x8 -x14 ] [ x16 x8 x9 ] [ x12 x18 x21 ] [ x7 x23 x9 ] [ x6 x12 -x18 ] [ x9 x23 x22 ] [ -x23 -x9 -x18 ] [ -x7 -x24 -x19 ] [ -x3 -x16 x14 ] [ -x12 x24 -x13 ] [ x24 -x13 -x15 ] [ x15 x7 -x8 ] [ x6 x13 x15 ] [ x19 x5 x23 ] [ -x20 -x8 x9 ] [ x20 -x9 x24 ] [ x24 x5 -x14 ] [ x4 x23 -x12 ] [ -x12 -x3 x9 ] [ -x21 x19 -x15 ] [ x4 -x14 -x13 ] [ x16 x15 x19 ] [ x15 -x3 -x12 ] [ -x4 -x18 -x16 ] [ -x12 -x17 x8 ] [ -x12 -x14 x17 ] [ x3 x6 x23 ] [ x16 x5 x23 ] [ -x7 x15 x4 ] [ -x19 -x24 x4 ] [ -x7 -x16 -x6 ] [ x20 x4 x14 ] [ -x24 -x21 x23 ] [ x5 -x8 -x6 ] [ x24 x8 -x4 ] [ -x4 x3 x6 ] [ -x22 x20 -x12 ] [ -x8 -x17 x22 ] [ x20 x15 x17 ] [ -x15 -x23 x17 ] [ x16 -x5 x18 ] [ -x14 x15 -x24 ] [ x7 -x23 -x12 ] [ x7 -x17 -x6 ] [ x17 -x4 x24 ] [ -x15 x23 x7 ] [ x21 x8 x13 ] [ -x14 -x7 x24 ] READ_END READ_LEARNED_CLAUSES READ_BEGIN READ_END READ_ASSIGNMENTS READ_BEGIN x3 READ_END PROPAGATED 0 UNIT_PROPAGATION_END
Decoded Labels:   READ_CLAUSES READ_LEARNED_CLAUSES READ_ASSIGNMENTS PROPAGATED 0 UNIT_PROPAGATION_END
[OOD] Mean: 560.86, Min: 85, Max: 3939
Saved token length histogram: /scratch.ssd/koutefra/job_10437158.pbs-m1/NeuralCDCL/data/token_lengths_ood.png

